{
	
"nodes": [ 
	
{        "name" : "Waste Water Quality Management System (WWQMS)", 	   "type" : "1", 	   "weight" : "234", 		"id" : 0}	
,	
{        "name" : "SAP cFolders", 	   "type" : "1", 	   "weight" : "77", 		"id" : 1}	
,	
{        "name" : "SAP Supplier Relationship Management (SAP-SRM)", 	   "type" : "1", 	   "weight" : "296", 		"id" : 2}	
,	
{        "name" : "SAP Master Data Management (SAP-MDM)", 	   "type" : "1", 	   "weight" : "", 		"id" : 3}	
,	
{        "name" : "Project Management Information System (PMIS)", 	   "type" : "1", 	   "weight" : "71", 		"id" : 4}	
,	
{        "name" : "SAP Project System (SAP-PS)", 	   "type" : "1", 	   "weight" : "357", 		"id" : 5}	
,	
{        "name" : "SAP Business Warehouse (SAP BW)", 	   "type" : "1", 	   "weight" : "344", 		"id" : 6}	
,	
{        "name" : "SAP Materials Management (SAP-MM)", 	   "type" : "1", 	   "weight" : "275", 		"id" : 7}	
,	
{        "name" : "SAP cProjects", 	   "type" : "1", 	   "weight" : "71", 		"id" : 8}	
,	
{        "name" : "Yammer", 	   "type" : "1", 	   "weight" : "24", 		"id" : 9}	
,	
{        "name" : "Water Quality Management System (WQMS)", 	   "type" : "1", 	   "weight" : "96", 		"id" : 10}	
,	
{        "name" : "Asset Management Planning System (AMPS)", 	   "type" : "1", 	   "weight" : "361", 		"id" : 11}	
,	
{        "name" : "SAP Enterprise Portal (Cascade)", 	   "type" : "1", 	   "weight" : "180", 		"id" : 12}	
,	
{        "name" : "Hydstra (Kisters HydSys)", 	   "type" : "1", 	   "weight" : "134", 		"id" : 13}	
,	
{        "name" : "Asset Management & Operations Support System (AMOSS)", 	   "type" : "1", 	   "weight" : "185", 		"id" : 14}	
,	
{        "name" : "Operational Data Storage System (ODSS)", 	   "type" : "1", 	   "weight" : "360", 		"id" : 15}	
,	
{        "name" : "SiteCore", 	   "type" : "1", 	   "weight" : "36", 		"id" : 16}	
,	
{        "name" : "Times Manager", 	   "type" : "1", 	   "weight" : "1", 		"id" : 17}	
,	
{        "name" : "SAP Plant Maintenance (SAP-PM)", 	   "type" : "1", 	   "weight" : "195", 		"id" : 18}	
,	
{        "name" : "Strategic Assets Lifecycle Value Optimisation (SALVO)", 	   "type" : "1", 	   "weight" : "21", 		"id" : 19}	
,	
{        "name" : "Asset Condition Assessment (ACA)", 	   "type" : "1", 	   "weight" : "105", 		"id" : 20}	
,	
{        "name" : "PI (Data Historian)", 	   "type" : "1", 	   "weight" : "193", 		"id" : 21}	
,	
{        "name" : "Watsys", 	   "type" : "1", 	   "weight" : "40", 		"id" : 22}	
,	
{        "name" : "Power Allocation", 	   "type" : "1", 	   "weight" : "70", 		"id" : 23}	
,	
{        "name" : "Corporate Document Management System (AQUA)", 	   "type" : "1", 	   "weight" : "268", 		"id" : 24}	
,	
{        "name" : "House File", 	   "type" : "1", 	   "weight" : "1", 		"id" : 25}	
,	
{        "name" : "Water Allocation Database", 	   "type" : "1", 	   "weight" : "1", 		"id" : 26}	
,	
{        "name" : "System Capability Matrix (SCM)", 	   "type" : "1", 	   "weight" : "33", 		"id" : 27}	
,	
{        "name" : "System Capability Forecasting", 	   "type" : "1", 	   "weight" : "48", 		"id" : 28}	
,	
{        "name" : "Asset Cost Estimator (ACE)", 	   "type" : "1", 	   "weight" : "30", 		"id" : 29}	
,	
{        "name" : "REsource ALlocation Model (REALM)", 	   "type" : "1", 	   "weight" : "19", 		"id" : 30}	
,	
{        "name" : "HydNet", 	   "type" : "1", 	   "weight" : "31", 		"id" : 31}	
,	
{        "name" : "Watham", 	   "type" : "1", 	   "weight" : "20", 		"id" : 32}	
,	
{        "name" : "Bore Pump Test", 	   "type" : "1", 	   "weight" : "12", 		"id" : 33}	
,	
{        "name" : "Planning Index", 	   "type" : "1", 	   "weight" : "20", 		"id" : 34}	
,	
{        "name" : "SewerNet", 	   "type" : "1", 	   "weight" : "30", 		"id" : 35}	
,	
{        "name" : "MAPPA", 	   "type" : "1", 	   "weight" : "20", 		"id" : 36}	
,	
{        "name" : "Pipe 10.0", 	   "type" : "1", 	   "weight" : "21", 		"id" : 37}	
,	
{        "name" : "AQTESOLV", 	   "type" : "1", 	   "weight" : "22", 		"id" : 38}	
,	
{        "name" : "PRAMS Groundwater Model", 	   "type" : "1", 	   "weight" : "21", 		"id" : 39}	
,	
{        "name" : "Sewer Pressure Mains Risk Model", 	   "type" : "1", 	   "weight" : "23", 		"id" : 40}	
,	
{        "name" : "Water Mains Risk Model", 	   "type" : "1", 	   "weight" : "22", 		"id" : 41}	
,	
{        "name" : "Grange", 	   "type" : "1", 	   "weight" : "447", 		"id" : 42}	
,	
{        "name" : "Facilities Mapping System (FMS)", 	   "type" : "1", 	   "weight" : "184", 		"id" : 43}	
,	
{        "name" : "Buildernet (BPA)", 	   "type" : "1", 	   "weight" : "70", 		"id" : 44}	
,	
{        "name" : "SiteMinder", 	   "type" : "1", 	   "weight" : "", 		"id" : 45}	
,	
{        "name" : "DeveloperNet", 	   "type" : "1", 	   "weight" : "136", 		"id" : 46}	
,	
{        "name" : "www.watercorporation.com.au", 	   "type" : "1", 	   "weight" : "69", 		"id" : 47}	
,	
{        "name" : "Transfer of Digital Designs (TDD)", 	   "type" : "1", 	   "weight" : "20", 		"id" : 48}	
,	
{        "name" : "As Constructed Index", 	   "type" : "1", 	   "weight" : "23", 		"id" : 49}	
,	
{        "name" : "Smallworld Water Office 4.3", 	   "type" : "1", 	   "weight" : "97", 		"id" : 50}	
,	
{        "name" : "Quote Generator", 	   "type" : "1", 	   "weight" : "23", 		"id" : 51}	
,	
{        "name" : "SAP Investment Management (SAP-IM)", 	   "type" : "1", 	   "weight" : "62", 		"id" : 52}	
,	
{        "name" : "Online Appropriation Request (OAR)", 	   "type" : "1", 	   "weight" : "43", 		"id" : 53}	
,	
{        "name" : "Corporate Financial Impact Statement Management System (CFIS)", 	   "type" : "1", 	   "weight" : "201", 		"id" : 54}	
,	
{        "name" : "CIP Prioritisation Interim Solution (CPS)", 	   "type" : "1", 	   "weight" : "63", 		"id" : 55}	
,	
{        "name" : "March ClearSight LLC", 	   "type" : "1", 	   "weight" : "35", 		"id" : 56}	
,	
{        "name" : "Marsh SharePoint", 	   "type" : "1", 	   "weight" : "35", 		"id" : 57}	
,	
{        "name" : "Diligent Boardbooks", 	   "type" : "1", 	   "weight" : "66", 		"id" : 58}	
,	
{        "name" : "Affinitext", 	   "type" : "1", 	   "weight" : "22", 		"id" : 59}	
,	
{        "name" : "@Risk", 	   "type" : "1", 	   "weight" : "21", 		"id" : 60}	
,	
{        "name" : "SAP FI/CO", 	   "type" : "1", 	   "weight" : "365", 		"id" : 61}	
,	
{        "name" : "Executive Calendar", 	   "type" : "1", 	   "weight" : "25", 		"id" : 62}	
,	
{        "name" : "Priority One Enquiry Management System (POEMS)", 	   "type" : "1", 	   "weight" : "79", 		"id" : 63}	
,	
{        "name" : "Consultation Manager", 	   "type" : "1", 	   "weight" : "109", 		"id" : 64}	
,	
{        "name" : "REMORA", 	   "type" : "1", 	   "weight" : "31", 		"id" : 65}	
,	
{        "name" : "Fines Registration Enforcement Tracking System (FRETS)", 	   "type" : "1", 	   "weight" : "22", 		"id" : 66}	
,	
{        "name" : "Industrial Waste System (IWS) / Midas", 	   "type" : "1", 	   "weight" : "25", 		"id" : 67}	
,	
{        "name" : "MyWater", 	   "type" : "1", 	   "weight" : "143", 		"id" : 68}	
,	
{        "name" : "Work Order Reporting & Reimbursement Billing (WORRB)", 	   "type" : "1", 	   "weight" : "23", 		"id" : 69}	
,	
{        "name" : "Reimbursement Data and Control Tables (REDACT)", 	   "type" : "1", 	   "weight" : "32", 		"id" : 70}	
,	
{        "name" : "Electronic Advice of Sale 2 (EAS2)", 	   "type" : "1", 	   "weight" : "35", 		"id" : 71}	
,	
{        "name" : "Customer Interaction Centre (CIC)", 	   "type" : "1", 	   "weight" : "131", 		"id" : 72}	
,	
{        "name" : "Centrelink Confirmation eServices (CCES)", 	   "type" : "1", 	   "weight" : "1", 		"id" : 73}	
,	
{        "name" : "eConcessions", 	   "type" : "1", 	   "weight" : "25", 		"id" : 74}	
,	
{        "name" : "ITRON Everblu", 	   "type" : "1", 	   "weight" : "36", 		"id" : 75}	
,	
{        "name" : "Grange Information Access 2 (GIA2)", 	   "type" : "1", 	   "weight" : "36", 		"id" : 76}	
,	
{        "name" : "Corporate Documents (CorDocs)", 	   "type" : "1", 	   "weight" : "226", 		"id" : 77}	
,	
{        "name" : "Office Meter Reading System (OMRS)", 	   "type" : "1", 	   "weight" : "36", 		"id" : 78}	
,	
{        "name" : "Contact Central", 	   "type" : "1", 	   "weight" : "36", 		"id" : 79}	
,	
{        "name" : "Cash Interfaces (DCS)", 	   "type" : "1", 	   "weight" : "36", 		"id" : 80}	
,	
{        "name" : "FMS Connector", 	   "type" : "1", 	   "weight" : "33", 		"id" : 81}	
,	
{        "name" : "H2O Honours Reward and Recognition", 	   "type" : "1", 	   "weight" : "23", 		"id" : 82}	
,	
{        "name" : "Pool Vehicle Booking System", 	   "type" : "1", 	   "weight" : "24", 		"id" : 83}	
,	
{        "name" : "Avis/Budget/Thrifty", 	   "type" : "1", 	   "weight" : "27", 		"id" : 84}	
,	
{        "name" : "Pickles", 	   "type" : "1", 	   "weight" : "11", 		"id" : 85}	
,	
{        "name" : "SGFleet", 	   "type" : "1", 	   "weight" : "33", 		"id" : 86}	
,	
{        "name" : "Siemens Integrated ID Card", 	   "type" : "1", 	   "weight" : "36", 		"id" : 87}	
,	
{        "name" : "SAP Real Estate (SAP-RE)", 	   "type" : "1", 	   "weight" : "35", 		"id" : 88}	
,	
{        "name" : "myWorld", 	   "type" : "1", 	   "weight" : "119", 		"id" : 89}	
,	
{        "name" : "NetMaps", 	   "type" : "1", 	   "weight" : "31", 		"id" : 90}	
,	
{        "name" : "NearMap", 	   "type" : "1", 	   "weight" : "10", 		"id" : 91}	
,	
{        "name" : "Honeywell EBI", 	   "type" : "1", 	   "weight" : "26", 		"id" : 92}	
,	
{        "name" : "Forcefield", 	   "type" : "1", 	   "weight" : "34", 		"id" : 93}	
,	
{        "name" : "CIMAS", 	   "type" : "1", 	   "weight" : "31", 		"id" : 94}	
,	
{        "name" : "Indigo CCTV", 	   "type" : "1", 	   "weight" : "34", 		"id" : 95}	
,	
{        "name" : "LiteSpatial", 	   "type" : "1", 	   "weight" : "62", 		"id" : 96}	
,	
{        "name" : "Office of State Revenue", 	   "type" : "1", 	   "weight" : "11", 		"id" : 97}	
,	
{        "name" : "RPData", 	   "type" : "1", 	   "weight" : "13", 		"id" : 98}	
,	
{        "name" : "FM Interact", 	   "type" : "1", 	   "weight" : "22", 		"id" : 99}	
,	
{        "name" : "Corporate Risk Information System (CRIS)", 	   "type" : "1", 	   "weight" : "110", 		"id" : 100}	
,	
{        "name" : "SAP Payroll (SAP-PY)", 	   "type" : "1", 	   "weight" : "112", 		"id" : 101}	
,	
{        "name" : "SAP Human Resources (SAP-HR)", 	   "type" : "1", 	   "weight" : "160", 		"id" : 102}	
,	
{        "name" : "ABS (Regulatory Reporting)", 	   "type" : "1", 	   "weight" : "40", 		"id" : 103}	
,	
{        "name" : "EEO Commission (Regulatory Reporting)", 	   "type" : "1", 	   "weight" : "44", 		"id" : 104}	
,	
{        "name" : "Spinifex", 	   "type" : "1", 	   "weight" : "69", 		"id" : 105}	
,	
{        "name" : "Taleo Cloud", 	   "type" : "1", 	   "weight" : "68", 		"id" : 106}	
,	
{        "name" : "Taleo Business Edition", 	   "type" : "1", 	   "weight" : "", 		"id" : 107}	
,	
{        "name" : "HR Benchmarking Surveys - HAY,Mercer,Geoff Nunn & Associates", 	   "type" : "1", 	   "weight" : "43", 		"id" : 108}	
,	
{        "name" : "PayNet", 	   "type" : "1", 	   "weight" : "1", 		"id" : 109}	
,	
{        "name" : "PayPlan - Salary Packaging", 	   "type" : "1", 	   "weight" : "20", 		"id" : 110}	
,	
{        "name" : "AAS", 	   "type" : "1", 	   "weight" : "25", 		"id" : 111}	
,	
{        "name" : "SuccessFactors Business Execution Suite", 	   "type" : "1", 	   "weight" : "33", 		"id" : 112}	
,	
{        "name" : "Organisation Publisher", 	   "type" : "1", 	   "weight" : "", 		"id" : 113}	
,	
{        "name" : "SAP Employee Self Service (ESS)", 	   "type" : "1", 	   "weight" : "36", 		"id" : 114}	
,	
{        "name" : "SAP Training and Event Management (SAP-TEM)", 	   "type" : "1", 	   "weight" : "26", 		"id" : 115}	
,	
{        "name" : "TRACCESS", 	   "type" : "1", 	   "weight" : "142", 		"id" : 116}	
,	
{        "name" : "CommBiz", 	   "type" : "1", 	   "weight" : "59", 		"id" : 117}	
,	
{        "name" : "SAP Manager Self Service (SAP-MSS)", 	   "type" : "1", 	   "weight" : "35", 		"id" : 118}	
,	
{        "name" : "Auskey", 	   "type" : "1", 	   "weight" : "", 		"id" : 119}	
,	
{        "name" : "SuperStream", 	   "type" : "1", 	   "weight" : "", 		"id" : 120}	
,	
{        "name" : "HURMIS archive data base (historical HR data pre 1998)", 	   "type" : "1", 	   "weight" : "", 		"id" : 121}	
,	
{        "name" : "Corporate Learning Directory", 	   "type" : "1", 	   "weight" : "34", 		"id" : 122}	
,	
{        "name" : "360 Leadership Assessment Tool", 	   "type" : "1", 	   "weight" : "", 		"id" : 123}	
,	
{        "name" : "HAY - Employee Effectiveness Survey", 	   "type" : "1", 	   "weight" : "10", 		"id" : 124}	
,	
{        "name" : "Federal Government National Register", 	   "type" : "1", 	   "weight" : "15", 		"id" : 125}	
,	
{        "name" : "Genesis - Psych Testing", 	   "type" : "1", 	   "weight" : "33", 		"id" : 126}	
,	
{        "name" : "Job Board (Apply Direct, LinkedIn , Seek)", 	   "type" : "1", 	   "weight" : "33", 		"id" : 127}	
,	
{        "name" : "Thomas International - Psych Testing", 	   "type" : "1", 	   "weight" : "26", 		"id" : 128}	
,	
{        "name" : "Survey Monkey", 	   "type" : "1", 	   "weight" : "22", 		"id" : 129}	
,	
{        "name" : "VEIPLE", 	   "type" : "1", 	   "weight" : "11", 		"id" : 130}	
,	
{        "name" : "Inkscape", 	   "type" : "1", 	   "weight" : "1", 		"id" : 131}	
,	
{        "name" : "ARIS Business Architect", 	   "type" : "1", 	   "weight" : "38", 		"id" : 132}	
,	
{        "name" : "Identity Manager", 	   "type" : "1", 	   "weight" : "20", 		"id" : 133}	
,	
{        "name" : "Jasper Reports", 	   "type" : "1", 	   "weight" : "1", 		"id" : 134}	
,	
{        "name" : "Clarity", 	   "type" : "1", 	   "weight" : "106", 		"id" : 135}	
,	
{        "name" : "Sparx Enterprise Architect", 	   "type" : "1", 	   "weight" : "1", 		"id" : 136}	
,	
{        "name" : "ServiceNow", 	   "type" : "1", 	   "weight" : "21", 		"id" : 137}	
,	
{        "name" : "CA-CMDB", 	   "type" : "1", 	   "weight" : "108", 		"id" : 138}	
,	
{        "name" : "Unified Secrity Access CRE Design", 	   "type" : "1", 	   "weight" : "1", 		"id" : 139}	
,	
{        "name" : "Bill View", 	   "type" : "1", 	   "weight" : "72", 		"id" : 140}	
,	
{        "name" : "Reporting Solution (Qlikview / Coresite)", 	   "type" : "1", 	   "weight" : "32", 		"id" : 141}	
,	
{        "name" : "ERDAS ER Mapper", 	   "type" : "1", 	   "weight" : "1", 		"id" : 142}	
,	
{        "name" : "Job Register", 	   "type" : "1", 	   "weight" : "1", 		"id" : 143}	
,	
{        "name" : "SAP Business Objects", 	   "type" : "1", 	   "weight" : "29", 		"id" : 144}	
,	
{        "name" : "Business Performance Reporting (BPR)", 	   "type" : "1", 	   "weight" : "123", 		"id" : 145}	
,	
{        "name" : "SIM- Treasury Reporting Software", 	   "type" : "1", 	   "weight" : "20", 		"id" : 146}	
,	
{        "name" : "Tax Integrator", 	   "type" : "1", 	   "weight" : "", 		"id" : 147}	
,	
{        "name" : "Thomson Reuters FBT Software", 	   "type" : "1", 	   "weight" : "20", 		"id" : 148}	
,	
{        "name" : "GESB Online", 	   "type" : "1", 	   "weight" : "19", 		"id" : 149}	
,	
{        "name" : "Palisade DecisionTools Suite", 	   "type" : "1", 	   "weight" : "1", 		"id" : 150}	
,	
{        "name" : "Asset Risk Assessment (ARA)", 	   "type" : "1", 	   "weight" : "1", 		"id" : 151}	
,	
{        "name" : "System Risk Assessment (SRA)", 	   "type" : "1", 	   "weight" : "1", 		"id" : 152}	
,	
{        "name" : "R", 	   "type" : "1", 	   "weight" : "1", 		"id" : 153}	
,	
{        "name" : "Long Run Marginal Cost Model", 	   "type" : "1", 	   "weight" : "1", 		"id" : 154}	
,	
{        "name" : "Financial Analysis Tools", 	   "type" : "1", 	   "weight" : "1", 		"id" : 155}	
,	
{        "name" : "Carson-Wagonlit Travel", 	   "type" : "1", 	   "weight" : "33", 		"id" : 156}	
,	
{        "name" : "PCARD (CCMS)", 	   "type" : "1", 	   "weight" : "25", 		"id" : 157}	
,	
{        "name" : "ANZ Card Management", 	   "type" : "1", 	   "weight" : "27", 		"id" : 158}	
,	
{        "name" : "aquaDRAW", 	   "type" : "1", 	   "weight" : "45", 		"id" : 159}	
,	
{        "name" : "AutoCAD Raster Design", 	   "type" : "1", 	   "weight" : "34", 		"id" : 160}	
,	
{        "name" : "SAP Asset Management (SAP-AM)", 	   "type" : "1", 	   "weight" : "1", 		"id" : 161}	
,	
{        "name" : "Sentinel", 	   "type" : "1", 	   "weight" : "183", 		"id" : 162}	
,	
{        "name" : "AutoCAD", 	   "type" : "1", 	   "weight" : "1", 		"id" : 163}	
,	
{        "name" : "M&E Task Tracker", 	   "type" : "1", 	   "weight" : "26", 		"id" : 164}	
,	
{        "name" : "Electrical Workers Register", 	   "type" : "1", 	   "weight" : "30", 		"id" : 165}	
,	
{        "name" : "ViewX", 	   "type" : "1", 	   "weight" : "32", 		"id" : 166}	
,	
{        "name" : "Proficy PS", 	   "type" : "1", 	   "weight" : "1", 		"id" : 167}	
,	
{        "name" : "Microscada", 	   "type" : "1", 	   "weight" : "32", 		"id" : 168}	
,	
{        "name" : "Citrix", 	   "type" : "1", 	   "weight" : "61", 		"id" : 169}	
,	
{        "name" : "MDT AutoSave", 	   "type" : "1", 	   "weight" : "35", 		"id" : 170}	
,	
{        "name" : "Primavera P6", 	   "type" : "1", 	   "weight" : "25", 		"id" : 171}	
,	
{        "name" : "Workflow Tracker (WFT)", 	   "type" : "1", 	   "weight" : "35", 		"id" : 172}	
,	
{        "name" : "Quest Estimating Tool", 	   "type" : "1", 	   "weight" : "22", 		"id" : 173}	
,	
{        "name" : "Dam Reporting System", 	   "type" : "1", 	   "weight" : "1", 		"id" : 174}	
,	
{        "name" : "QuickDesigner v5.70", 	   "type" : "1", 	   "weight" : "21", 		"id" : 175}	
,	
{        "name" : "ArcGIS", 	   "type" : "1", 	   "weight" : "131", 		"id" : 176}	
,	
{        "name" : "Flike", 	   "type" : "1", 	   "weight" : "22", 		"id" : 177}	
,	
{        "name" : "HEC/RAS", 	   "type" : "1", 	   "weight" : "1", 		"id" : 178}	
,	
{        "name" : "Image Capture Utility (ICU)", 	   "type" : "1", 	   "weight" : "1", 		"id" : 179}	
,	
{        "name" : "BioWin (WWTP Modelling)", 	   "type" : "1", 	   "weight" : "1", 		"id" : 180}	
,	
{        "name" : "RORB", 	   "type" : "1", 	   "weight" : "22", 		"id" : 181}	
,	
{        "name" : "Step7 Professional", 	   "type" : "1", 	   "weight" : "30", 		"id" : 182}	
,	
{        "name" : "Bentley View", 	   "type" : "1", 	   "weight" : "1", 		"id" : 183}	
,	
{        "name" : "SLOPEW", 	   "type" : "1", 	   "weight" : "30", 		"id" : 184}	
,	
{        "name" : "ClearScada (SCX6-Serck Controls SCX V6)", 	   "type" : "1", 	   "weight" : "36", 		"id" : 185}	
,	
{        "name" : "MT10 (Vendor Danfoss)", 	   "type" : "1", 	   "weight" : "21", 		"id" : 186}	
,	
{        "name" : "gINT", 	   "type" : "1", 	   "weight" : "23", 		"id" : 187}	
,	
{        "name" : "Curve Direct 3.4", 	   "type" : "1", 	   "weight" : "21", 		"id" : 188}	
,	
{        "name" : "Access Chamber Register", 	   "type" : "1", 	   "weight" : "22", 		"id" : 189}	
,	
{        "name" : "AutoVue", 	   "type" : "1", 	   "weight" : "35", 		"id" : 190}	
,	
{        "name" : "SKM Power tools 6.5", 	   "type" : "1", 	   "weight" : "30", 		"id" : 191}	
,	
{        "name" : "GIMS", 	   "type" : "1", 	   "weight" : "24", 		"id" : 192}	
,	
{        "name" : "Electronic Submissions Interface (ESInet)", 	   "type" : "1", 	   "weight" : "20", 		"id" : 193}	
,	
{        "name" : "MIKE-11", 	   "type" : "1", 	   "weight" : "30", 		"id" : 194}	
,	
{        "name" : "D transfer D load", 	   "type" : "1", 	   "weight" : "1", 		"id" : 195}	
,	
{        "name" : "MCT31 Harmonic Calculation Software (Vendor Danfoss )", 	   "type" : "1", 	   "weight" : "21", 		"id" : 196}	
,	
{        "name" : "CRC-Forge", 	   "type" : "1", 	   "weight" : "30", 		"id" : 197}	
,	
{        "name" : "LogicMaster 8.2", 	   "type" : "1", 	   "weight" : "30", 		"id" : 198}	
,	
{        "name" : "Winstart (Vendor Danfoss )", 	   "type" : "1", 	   "weight" : "21", 		"id" : 199}	
,	
{        "name" : "Dam Safety Data Logger File Transfers", 	   "type" : "1", 	   "weight" : "31", 		"id" : 200}	
,	
{        "name" : "SWMOD", 	   "type" : "1", 	   "weight" : "21", 		"id" : 201}	
,	
{        "name" : "CMS Historical Data Base", 	   "type" : "1", 	   "weight" : "28", 		"id" : 202}	
,	
{        "name" : "PI Central Spreadsheet", 	   "type" : "1", 	   "weight" : "1", 		"id" : 203}	
,	
{        "name" : "Shared Fleet Spreadsheet", 	   "type" : "1", 	   "weight" : "1", 		"id" : 204}	
,	
{        "name" : "Training Analysis Reporter (TAR)", 	   "type" : "1", 	   "weight" : "1", 		"id" : 205}	
,	
{        "name" : "SWISS", 	   "type" : "1", 	   "weight" : "1", 		"id" : 206}	
,	
{        "name" : "SW Drainage & Irrigation Mapping System", 	   "type" : "1", 	   "weight" : "1", 		"id" : 207}	
,	
{        "name" : "Route Planner", 	   "type" : "1", 	   "weight" : "1", 		"id" : 208}	
,	
{        "name" : "Asbestos Exposure Register", 	   "type" : "1", 	   "weight" : "34", 		"id" : 209}	
,	
{        "name" : "MicroStation", 	   "type" : "1", 	   "weight" : "1", 		"id" : 210}	
,	
{        "name" : "Bomgar", 	   "type" : "1", 	   "weight" : "1", 		"id" : 211}	
,	
{        "name" : "Telstra Instant Messaging", 	   "type" : "1", 	   "weight" : "1", 		"id" : 212}	
,	
{        "name" : "SAP Afaria", 	   "type" : "1", 	   "weight" : "1", 		"id" : 213}	
,	
{        "name" : "NavMan AVL2", 	   "type" : "1", 	   "weight" : "1", 		"id" : 214}	
,	
{        "name" : "Spatial Asset System Management (SPASM) (Ellenbrook Data Management Program)", 	   "type" : "1", 	   "weight" : "1", 		"id" : 215}	
,	
{        "name" : "SAP EDW", 	   "type" : "1", 	   "weight" : "", 		"id" : 216}	
,	
{        "name" : "QlikView Server", 	   "type" : "1", 	   "weight" : "1", 		"id" : 217}	
,	
{        "name" : "WWIMS", 	   "type" : "1", 	   "weight" : "29", 		"id" : 218}	
,	
{        "name" : "ODSS/WQMS PDA", 	   "type" : "1", 	   "weight" : "1", 		"id" : 219}	
,	
{        "name" : "CitectScada", 	   "type" : "1", 	   "weight" : "1", 		"id" : 220}	
,	
{        "name" : "STORM", 	   "type" : "1", 	   "weight" : "1", 		"id" : 221}	
,	
{        "name" : "Water Quality Performance and Operational Management Reporting (POPMAN)", 	   "type" : "1", 	   "weight" : "", 		"id" : 222}	
,	
{        "name" : "Injury Connect Database", 	   "type" : "1", 	   "weight" : "", 		"id" : 223}	
,	
{        "name" : "Online Induction Solution (Moodle)", 	   "type" : "1", 	   "weight" : "35", 		"id" : 224}	
,	
{        "name" : "Lone Worker System", 	   "type" : "1", 	   "weight" : "35", 		"id" : 225}	
,	
{        "name" : "Electrified Water Service Register", 	   "type" : "1", 	   "weight" : "1", 		"id" : 226}	
,	
{        "name" : "Active Tag Register", 	   "type" : "1", 	   "weight" : "33", 		"id" : 227}	
,	
{        "name" : "ChemAlert", 	   "type" : "1", 	   "weight" : "28", 		"id" : 228}	
,	
{        "name" : "Line Fault Reporting", 	   "type" : "1", 	   "weight" : "1", 		"id" : 229}	
,	
{        "name" : "Fatigue Management System", 	   "type" : "1", 	   "weight" : "26", 		"id" : 230}	
,	
{        "name" : "iAuditor", 	   "type" : "1", 	   "weight" : "20", 		"id" : 231}	
,	
{        "name" : "People Size 2008", 	   "type" : "1", 	   "weight" : "19", 		"id" : 232}	
,	
{        "name" : "My Health", 	   "type" : "1", 	   "weight" : "1", 		"id" : 233}	
,	
{        "name" : "Prequalification database", 	   "type" : "1", 	   "weight" : "35", 		"id" : 234}	
,	
{        "name" : "CADO/SAP Spreadsheet", 	   "type" : "1", 	   "weight" : "1", 		"id" : 235}	
,	
{        "name" : "SPSS 19", 	   "type" : "1", 	   "weight" : "11", 		"id" : 236}	
,	
{        "name" : "Pathwest direct archive", 	   "type" : "1", 	   "weight" : "36", 		"id" : 237}	
,	
{        "name" : "SafetyLaw", 	   "type" : "1", 	   "weight" : "19", 		"id" : 238}	
,	
{        "name" : "SAP Activity Based Planning (ABP)", 	   "type" : "1", 	   "weight" : "1", 		"id" : 239}	
,	
{        "name" : "MatLab", 	   "type" : "1", 	   "weight" : "28", 		"id" : 240}	
,	
{        "name" : "Service Management Dashboard", 	   "type" : "1", 	   "weight" : "19", 		"id" : 241}	
,	
{        "name" : "Sewex", 	   "type" : "1", 	   "weight" : "29", 		"id" : 242}	
,	
{        "name" : "Siemens Dolphin", 	   "type" : "1", 	   "weight" : "1", 		"id" : 243}	
,	
{        "name" : "SCADApack - E Series", 	   "type" : "1", 	   "weight" : "1", 		"id" : 244}	
,	
{        "name" : "DOSBOX", 	   "type" : "1", 	   "weight" : "1", 		"id" : 245}	
,	
{        "name" : "RTUtil_2", 	   "type" : "1", 	   "weight" : "1", 		"id" : 246}	
,	
{        "name" : "KWSOFT Multiprog WT", 	   "type" : "1", 	   "weight" : "1", 		"id" : 247}	
,	
{        "name" : "Tview+ Management Suite", 	   "type" : "1", 	   "weight" : "1", 		"id" : 248}	
,	
{        "name" : "MiriMap 2000+", 	   "type" : "1", 	   "weight" : "1", 		"id" : 249}	
,	
{        "name" : "ISaGRAF", 	   "type" : "1", 	   "weight" : "1", 		"id" : 250}	
,	
{        "name" : "Mobile Computing System (MCS2)", 	   "type" : "1", 	   "weight" : "1", 		"id" : 251}	
,	
{        "name" : "RTUtil15", 	   "type" : "1", 	   "weight" : "1", 		"id" : 252}	
,	
{        "name" : "Trio Radio D-Series", 	   "type" : "1", 	   "weight" : "1", 		"id" : 253}	
,	
{        "name" : "Touch Panel", 	   "type" : "1", 	   "weight" : "1", 		"id" : 254}	
,	
{        "name" : "WinEDU2000", 	   "type" : "1", 	   "weight" : "1", 		"id" : 255}	
,	
{        "name" : "RTUTIL560", 	   "type" : "1", 	   "weight" : "1", 		"id" : 256}	
,	
{        "name" : "PTS", 	   "type" : "1", 	   "weight" : "1", 		"id" : 257}	
,	
{        "name" : "Performance Reporting System (PRS)", 	   "type" : "1", 	   "weight" : "1", 		"id" : 258}	
,	
{        "name" : "Regulatory Condition Management System (RCMS)", 	   "type" : "1", 	   "weight" : "19", 		"id" : 259}	
,	
{        "name" : "Environment Task Tracker", 	   "type" : "1", 	   "weight" : "", 		"id" : 260}	
,	
{        "name" : "PI ProcessBook", 	   "type" : "1", 	   "weight" : "1", 		"id" : 261}	
,	
{        "name" : "Operations Management System (OMS)", 	   "type" : "1", 	   "weight" : "1", 		"id" : 262}	
,	
{        "name" : "Outage Management 4.3", 	   "type" : "1", 	   "weight" : "1", 		"id" : 263}	
,	
{        "name" : "SAP Workflow", 	   "type" : "1", 	   "weight" : "1", 		"id" : 264}	
,	
{        "name" : "eLearning (Adobe Captivate 8)", 	   "type" : "1", 	   "weight" : "", 		"id" : 265}	
,	
{        "name" : "ADEMCO", 	   "type" : "1", 	   "weight" : "1", 		"id" : 266}	
,	
{        "name" : "ADPRO Gold and ADPRO Lite CCTV Software", 	   "type" : "1", 	   "weight" : "1", 		"id" : 267}	
,	
{        "name" : "REC Registry", 	   "type" : "1", 	   "weight" : "26", 		"id" : 268}	
,	
{        "name" : "Emissions and Energy Reporting System (EERS)", 	   "type" : "1", 	   "weight" : "30", 		"id" : 269}	
,	
{        "name" : "Western Power Portal", 	   "type" : "1", 	   "weight" : "34", 		"id" : 270}	
,	
{        "name" : "Manage Research and Development", 	   "type" : "2", 	   "weight" : "", 		"id" : 271}	
,	
{        "name" : "Manage Strategic Direction for Water Efficiency", 	   "type" : "2", 	   "weight" : "", 		"id" : 272}	
,	
{        "name" : "Manage Strategic Direction for Recycling", 	   "type" : "2", 	   "weight" : "", 		"id" : 273}	
,	
{        "name" : "Manage Water Source Compliance", 	   "type" : "2", 	   "weight" : "", 		"id" : 274}	
,	
{        "name" : "Manage Strategic Direction for Water Supply", 	   "type" : "2", 	   "weight" : "", 		"id" : 275}	
,	
{        "name" : "Plan and Investigate Asset Renewals", 	   "type" : "2", 	   "weight" : "", 		"id" : 276}	
,	
{        "name" : "Manage the Planning of Asset Operations", 	   "type" : "2", 	   "weight" : "", 		"id" : 277}	
,	
{        "name" : "Plan Asset Maintenance", 	   "type" : "2", 	   "weight" : "", 		"id" : 278}	
,	
{        "name" : "Manage Strategic Direction for Drainage", 	   "type" : "2", 	   "weight" : "", 		"id" : 279}	
,	
{        "name" : "Manage Drainage Performance", 	   "type" : "2", 	   "weight" : "", 		"id" : 280}	
,	
{        "name" : "Plan Strategic Asset Management", 	   "type" : "2", 	   "weight" : "", 		"id" : 281}	
,	
{        "name" : "Manage and Assess Asset Risk", 	   "type" : "2", 	   "weight" : "", 		"id" : 282}	
,	
{        "name" : "Manage Regional Asset Investment Planning ", 	   "type" : "2", 	   "weight" : "", 		"id" : 283}	
,	
{        "name" : "Manage Building Service", 	   "type" : "2", 	   "weight" : "", 		"id" : 284}	
,	
{        "name" : "Manage Land Service", 	   "type" : "2", 	   "weight" : "", 		"id" : 285}	
,	
{        "name" : "Plan Land Servicing", 	   "type" : "2", 	   "weight" : "", 		"id" : 286}	
,	
{        "name" : "Manage Scope", 	   "type" : "2", 	   "weight" : "", 		"id" : 287}	
,	
{        "name" : "Manage Program Capital", 	   "type" : "2", 	   "weight" : "", 		"id" : 288}	
,	
{        "name" : "Manage Strategic Investment Prioritisation", 	   "type" : "2", 	   "weight" : "", 		"id" : 289}	
,	
{        "name" : "Formulate Capital Investment", 	   "type" : "2", 	   "weight" : "", 		"id" : 290}	
,	
{        "name" : "Manage Insurance", 	   "type" : "2", 	   "weight" : "", 		"id" : 291}	
,	
{        "name" : "Manage Legislation", 	   "type" : "2", 	   "weight" : "", 		"id" : 292}	
,	
{        "name" : "Coordinate Board Governance", 	   "type" : "2", 	   "weight" : "", 		"id" : 293}	
,	
{        "name" : "Manage Business Development", 	   "type" : "2", 	   "weight" : "", 		"id" : 294}	
,	
{        "name" : "Manage Planning Corporate Strategic Direction", 	   "type" : "2", 	   "weight" : "", 		"id" : 295}	
,	
{        "name" : "Manage Ministerial Liaison", 	   "type" : "2", 	   "weight" : "", 		"id" : 296}	
,	
{        "name" : "Manage Media Communications", 	   "type" : "2", 	   "weight" : "", 		"id" : 297}	
,	
{        "name" : "Manage Board Liaison", 	   "type" : "2", 	   "weight" : "", 		"id" : 298}	
,	
{        "name" : "Manage the Billing of Customers", 	   "type" : "2", 	   "weight" : "", 		"id" : 299}	
,	
{        "name" : "Manage Customer Records Maintenance", 	   "type" : "2", 	   "weight" : "", 		"id" : 300}	
,	
{        "name" : "Manage Property Records Maintenance", 	   "type" : "2", 	   "weight" : "", 		"id" : 301}	
,	
{        "name" : "Manage Single View of Customer", 	   "type" : "2", 	   "weight" : "", 		"id" : 302}	
,	
{        "name" : "Manage the Collection of Revenue", 	   "type" : "2", 	   "weight" : "", 		"id" : 303}	
,	
{        "name" : "Manage Customer Engagement", 	   "type" : "2", 	   "weight" : "", 		"id" : 304}	
,	
{        "name" : "Manage Community Engagement", 	   "type" : "2", 	   "weight" : "", 		"id" : 305}	
,	
{        "name" : "Manage Major Customer Agreements", 	   "type" : "2", 	   "weight" : "", 		"id" : 306}	
,	
{        "name" : "Manage Delivery of Water Efficiency Projects", 	   "type" : "2", 	   "weight" : "", 		"id" : 307}	
,	
{        "name" : "Manage Key Customer Relationships", 	   "type" : "2", 	   "weight" : "", 		"id" : 308}	
,	
{        "name" : "Manage Stakeholder Engagement", 	   "type" : "2", 	   "weight" : "", 		"id" : 309}	
,	
{        "name" : "Manage Internal Communications", 	   "type" : "2", 	   "weight" : "", 		"id" : 310}	
,	
{        "name" : "Manage Fleet", 	   "type" : "2", 	   "weight" : "", 		"id" : 311}	
,	
{        "name" : "Manage Real Estate", 	   "type" : "2", 	   "weight" : "", 		"id" : 312}	
,	
{        "name" : "Manage Risk Framework", 	   "type" : "2", 	   "weight" : "", 		"id" : 313}	
,	
{        "name" : "Plan Workforce", 	   "type" : "2", 	   "weight" : "", 		"id" : 314}	
,	
{        "name" : "Manage Equity and Diversity", 	   "type" : "2", 	   "weight" : "", 		"id" : 315}	
,	
{        "name" : "Manage Employment Conditions Definition and Maintenance", 	   "type" : "2", 	   "weight" : "", 		"id" : 316}	
,	
{        "name" : "Maintain Employee Payroll, Details and Records", 	   "type" : "2", 	   "weight" : "", 		"id" : 317}	
,	
{        "name" : "Develop Employees", 	   "type" : "2", 	   "weight" : "", 		"id" : 318}	
,	
{        "name" : "Manage Performance", 	   "type" : "2", 	   "weight" : "", 		"id" : 319}	
,	
{        "name" : "Recruit Employees", 	   "type" : "2", 	   "weight" : "", 		"id" : 320}	
,	
{        "name" : "Implement IT Projects", 	   "type" : "2", 	   "weight" : "", 		"id" : 321}	
,	
{        "name" : "Provide Commercial I.T. Support", 	   "type" : "2", 	   "weight" : "", 		"id" : 322}	
,	
{        "name" : "Manage Treasury and Taxation", 	   "type" : "2", 	   "weight" : "", 		"id" : 323}	
,	
{        "name" : "Manage Accounting", 	   "type" : "2", 	   "weight" : "", 		"id" : 324}	
,	
{        "name" : "Manage Performance Reporting", 	   "type" : "2", 	   "weight" : "", 		"id" : 325}	
,	
{        "name" : "Manage Operating Budgets", 	   "type" : "2", 	   "weight" : "", 		"id" : 326}	
,	
{        "name" : "Manage Evaluation of Investments", 	   "type" : "2", 	   "weight" : "", 		"id" : 327}	
,	
{        "name" : "Manage Pricing", 	   "type" : "2", 	   "weight" : "", 		"id" : 328}	
,	
{        "name" : "Manage Procurement Agreements", 	   "type" : "2", 	   "weight" : "", 		"id" : 329}	
,	
{        "name" : "Manage Inventory", 	   "type" : "2", 	   "weight" : "", 		"id" : 330}	
,	
{        "name" : "Manage Suppliers", 	   "type" : "2", 	   "weight" : "", 		"id" : 331}	
,	
{        "name" : "Manage Procurement Planning", 	   "type" : "2", 	   "weight" : "", 		"id" : 332}	
,	
{        "name" : "Manage Purchase to Pay", 	   "type" : "2", 	   "weight" : "", 		"id" : 333}	
,	
{        "name" : "Manage Mechanical & Electrical Safety", 	   "type" : "2", 	   "weight" : "", 		"id" : 334}	
,	
{        "name" : "Manage Electrical Compliance", 	   "type" : "2", 	   "weight" : "", 		"id" : 335}	
,	
{        "name" : "Manage Mechanical & Electrical Assets Compliance", 	   "type" : "2", 	   "weight" : "", 		"id" : 336}	
,	
{        "name" : "Manage Delivery of Projects", 	   "type" : "2", 	   "weight" : "", 		"id" : 337}	
,	
{        "name" : "Transfer Assets and Close-out Project", 	   "type" : "2", 	   "weight" : "", 		"id" : 338}	
,	
{        "name" : "Design Assets", 	   "type" : "2", 	   "weight" : "", 		"id" : 339}	
,	
{        "name" : "Post Delivery Review", 	   "type" : "2", 	   "weight" : "", 		"id" : 340}	
,	
{        "name" : "Create Contracts", 	   "type" : "2", 	   "weight" : "", 		"id" : 341}	
,	
{        "name" : "Manage Alliance Relationships", 	   "type" : "2", 	   "weight" : "", 		"id" : 342}	
,	
{        "name" : "Manage Great Southern Region", 	   "type" : "2", 	   "weight" : "", 		"id" : 343}	
,	
{        "name" : "Manage Goldfields & Agricultural Region", 	   "type" : "2", 	   "weight" : "", 		"id" : 344}	
,	
{        "name" : "Manage North West Region", 	   "type" : "2", 	   "weight" : "", 		"id" : 345}	
,	
{        "name" : "Manage South West Region", 	   "type" : "2", 	   "weight" : "", 		"id" : 346}	
,	
{        "name" : "Manage Mid West Region", 	   "type" : "2", 	   "weight" : "", 		"id" : 347}	
,	
{        "name" : "Manage Inspection & Refurbishment Services", 	   "type" : "2", 	   "weight" : "", 		"id" : 348}	
,	
{        "name" : "Manage Metering Services", 	   "type" : "2", 	   "weight" : "", 		"id" : 349}	
,	
{        "name" : "Manage Commercial & Industrial Waste", 	   "type" : "2", 	   "weight" : "", 		"id" : 350}	
,	
{        "name" : "Manage Asset Monitoring & Systems Investigations", 	   "type" : "2", 	   "weight" : "", 		"id" : 351}	
,	
{        "name" : "Manage WW and AWQ Supporting Requirements", 	   "type" : "2", 	   "weight" : "", 		"id" : 352}	
,	
{        "name" : "Manage WW and AWQ Commitment", 	   "type" : "2", 	   "weight" : "", 		"id" : 353}	
,	
{        "name" : "Manage WW and AWQ System Analysis & Operations", 	   "type" : "2", 	   "weight" : "", 		"id" : 354}	
,	
{        "name" : "Manage Review of WW and AWQ Processes", 	   "type" : "2", 	   "weight" : "", 		"id" : 355}	
,	
{        "name" : "Manage DWQ Supporting Requirements", 	   "type" : "2", 	   "weight" : "", 		"id" : 356}	
,	
{        "name" : "Manage Review of DWQ Processes", 	   "type" : "2", 	   "weight" : "", 		"id" : 357}	
,	
{        "name" : "Manage DWQ System Analysis & Operations", 	   "type" : "2", 	   "weight" : "", 		"id" : 358}	
,	
{        "name" : "Manage DWQ Commitment", 	   "type" : "2", 	   "weight" : "", 		"id" : 359}	
,	
{        "name" : "Manage OSH Strategic Corporate Direction", 	   "type" : "2", 	   "weight" : "", 		"id" : 360}	
,	
{        "name" : "Manage Workers' Compensation, Health and Welfare", 	   "type" : "2", 	   "weight" : "", 		"id" : 361}	
,	
{        "name" : "Manage Hazards and OSH Incidents", 	   "type" : "2", 	   "weight" : "", 		"id" : 362}	
,	
{        "name" : "Monitor, Analyse and Review OSH", 	   "type" : "2", 	   "weight" : "", 		"id" : 363}	
,	
{        "name" : "Manage Service Delivery Planning", 	   "type" : "2", 	   "weight" : "", 		"id" : 364}	
,	
{        "name" : "Manage Field Work Schedule", 	   "type" : "2", 	   "weight" : "", 		"id" : 365}	
,	
{        "name" : "Manage Field Work Planning", 	   "type" : "2", 	   "weight" : "", 		"id" : 366}	
,	
{        "name" : "Manage Execution of Field Work", 	   "type" : "2", 	   "weight" : "", 		"id" : 367}	
,	
{        "name" : "Manage Performance Optimisation of Deliver Services Process", 	   "type" : "2", 	   "weight" : "", 		"id" : 368}	
,	
{        "name" : "Manage Environmental Compliance", 	   "type" : "2", 	   "weight" : "", 		"id" : 369}	
,	
{        "name" : "Manage Environmental Approvals", 	   "type" : "2", 	   "weight" : "", 		"id" : 370}	
,	
{        "name" : "Manage Environmental Programs and Support", 	   "type" : "2", 	   "weight" : "", 		"id" : 371}	
,	
{        "name" : "Manage Aboriginal Affairs", 	   "type" : "2", 	   "weight" : "", 		"id" : 372}	
,	
{        "name" : "Manage Scheme Operations", 	   "type" : "2", 	   "weight" : "", 		"id" : 373}	
,	
{        "name" : "Manage Incidents", 	   "type" : "2", 	   "weight" : "", 		"id" : 374}	
,	
{        "name" : "Manage Strategic Direction for Energy", 	   "type" : "2", 	   "weight" : "", 		"id" : 375}	
,	
{        "name" : "Water Supply & Demand Strategy", 	   "type" : "3", 	   "weight" : "", 		"id" : 376}	
,	
{        "name" : "Corporate Strategy", 	   "type" : "3", 	   "weight" : "", 		"id" : 377}	
,	
{        "name" : "Business Development Strategy", 	   "type" : "3", 	   "weight" : "", 		"id" : 378}	
,	
{        "name" : "Innovation, R&D Strategy", 	   "type" : "3", 	   "weight" : "", 		"id" : 379}	
,	
{        "name" : "Alliance Strategy", 	   "type" : "3", 	   "weight" : "", 		"id" : 380}	
,	
{        "name" : "Asset Operations Planning", 	   "type" : "3", 	   "weight" : "", 		"id" : 381}	
,	
{        "name" : "Asset Investment Planning", 	   "type" : "3", 	   "weight" : "", 		"id" : 382}	
,	
{        "name" : "Asset Strategy", 	   "type" : "3", 	   "weight" : "", 		"id" : 383}	
,	
{        "name" : "Asset Maintenance Planning", 	   "type" : "3", 	   "weight" : "", 		"id" : 384}	
,	
{        "name" : "Asset Renewal Planning", 	   "type" : "3", 	   "weight" : "", 		"id" : 385}	
,	
{        "name" : "Drinking Water Quality Standards", 	   "type" : "3", 	   "weight" : "", 		"id" : 386}	
,	
{        "name" : "Service Delivery Planning", 	   "type" : "3", 	   "weight" : "", 		"id" : 387}	
,	
{        "name" : "Energy Strategy", 	   "type" : "3", 	   "weight" : "", 		"id" : 388}	
,	
{        "name" : "Waste Water Quality Standards", 	   "type" : "3", 	   "weight" : "", 		"id" : 389}	
,	
{        "name" : "OS&H Strategy", 	   "type" : "3", 	   "weight" : "", 		"id" : 390}	
,	
{        "name" : "Customer & Community Strategy", 	   "type" : "3", 	   "weight" : "", 		"id" : 391}	
,	
{        "name" : "Channel Strategy", 	   "type" : "3", 	   "weight" : "", 		"id" : 392}	
,	
{        "name" : "Continuous Improvement", 	   "type" : "3", 	   "weight" : "", 		"id" : 393}	
,	
{        "name" : "Sourcing Strategy", 	   "type" : "3", 	   "weight" : "", 		"id" : 394}	
,	
{        "name" : "External Affairs", 	   "type" : "3", 	   "weight" : "", 		"id" : 395}	
,	
{        "name" : "Alliance Management", 	   "type" : "3", 	   "weight" : "", 		"id" : 396}	
,	
{        "name" : "Portfolio & Project Management", 	   "type" : "3", 	   "weight" : "", 		"id" : 397}	
,	
{        "name" : "Infrastructure & Design Management", 	   "type" : "3", 	   "weight" : "", 		"id" : 398}	
,	
{        "name" : "Asset Maintenance Management", 	   "type" : "3", 	   "weight" : "", 		"id" : 399}	
,	
{        "name" : "Customer Relationship Management", 	   "type" : "3", 	   "weight" : "", 		"id" : 400}	
,	
{        "name" : "Corporate Analytics & Business Analysis", 	   "type" : "3", 	   "weight" : "", 		"id" : 401}	
,	
{        "name" : "Customer Billing & Collection", 	   "type" : "3", 	   "weight" : "", 		"id" : 402}	
,	
{        "name" : "HR Strategy", 	   "type" : "3", 	   "weight" : "", 		"id" : 403}	
,	
{        "name" : "Financial Planning", 	   "type" : "3", 	   "weight" : "", 		"id" : 404}	
,	
{        "name" : "Corporate Goverance", 	   "type" : "3", 	   "weight" : "", 		"id" : 405}	
,	
{        "name" : "Business Technology Strategy", 	   "type" : "3", 	   "weight" : "", 		"id" : 406}	
,	
{        "name" : "Development Services Management", 	   "type" : "3", 	   "weight" : "", 		"id" : 407}	
,	
{        "name" : "Asset Performance & Capability Assessment", 	   "type" : "3", 	   "weight" : "", 		"id" : 408}	
,	
{        "name" : "Electrical & Mechanical Service Management", 	   "type" : "3", 	   "weight" : "", 		"id" : 409}	
,	
{        "name" : "Drinking Water Quality Control", 	   "type" : "3", 	   "weight" : "", 		"id" : 410}	
,	
{        "name" : "Environmental Compliance Management", 	   "type" : "3", 	   "weight" : "", 		"id" : 411}	
,	
{        "name" : "Waste Water Quality Control ", 	   "type" : "3", 	   "weight" : "", 		"id" : 412}	
,	
{        "name" : "Emergency & Incident Management", 	   "type" : "3", 	   "weight" : "", 		"id" : 413}	
,	
{        "name" : "Service Delivery Management", 	   "type" : "3", 	   "weight" : "", 		"id" : 414}	
,	
{        "name" : "Operational Assurance Management", 	   "type" : "3", 	   "weight" : "", 		"id" : 415}	
,	
{        "name" : "Integrated Operations Management", 	   "type" : "3", 	   "weight" : "", 		"id" : 416}	
,	
{        "name" : "OS&H Management", 	   "type" : "3", 	   "weight" : "", 		"id" : 417}	
,	
{        "name" : "Marketing", 	   "type" : "3", 	   "weight" : "", 		"id" : 418}	
,	
{        "name" : "Community Relationship Management", 	   "type" : "3", 	   "weight" : "", 		"id" : 419}	
,	
{        "name" : "Community Application & Assurance Management", 	   "type" : "3", 	   "weight" : "", 		"id" : 420}	
,	
{        "name" : "Financial Management", 	   "type" : "3", 	   "weight" : "", 		"id" : 421}	
,	
{        "name" : "Business & Technology Management", 	   "type" : "3", 	   "weight" : "", 		"id" : 422}	
,	
{        "name" : "Legal Service Management", 	   "type" : "3", 	   "weight" : "", 		"id" : 423}	
,	
{        "name" : "Property Management", 	   "type" : "3", 	   "weight" : "", 		"id" : 424}	
,	
{        "name" : "Industrial Relationship Management", 	   "type" : "3", 	   "weight" : "", 		"id" : 425}	
,	
{        "name" : "Human Resources Management", 	   "type" : "3", 	   "weight" : "", 		"id" : 426}	
,	
{        "name" : "Compliance & Risk Management", 	   "type" : "3", 	   "weight" : "", 		"id" : 427}	
,	
{        "name" : "Procurement Management", 	   "type" : "3", 	   "weight" : "", 		"id" : 428}	
,	
{        "name" : "Pricing & Evaluation Management", 	   "type" : "3", 	   "weight" : "", 		"id" : 429}	
,	
{        "name" : "Contract Management", 	   "type" : "3", 	   "weight" : "", 		"id" : 430}	
,	
{        "name" : "Corporate Planning Support", 	   "type" : "3", 	   "weight" : "", 		"id" : 431}	
,	
{        "name" : "Develoopment Approval Processing", 	   "type" : "3", 	   "weight" : "", 		"id" : 432}	
,	
{        "name" : "Infrastructure Build", 	   "type" : "3", 	   "weight" : "", 		"id" : 433}	
,	
{        "name" : "Preventative Assest Maintenance Execution", 	   "type" : "3", 	   "weight" : "", 		"id" : 434}	
,	
{        "name" : "Infastructure Design", 	   "type" : "3", 	   "weight" : "", 		"id" : 435}	
,	
{        "name" : "Corrective Asset Maintenance Execution", 	   "type" : "3", 	   "weight" : "", 		"id" : 436}	
,	
{        "name" : "Asset Monitoring & Control", 	   "type" : "3", 	   "weight" : "", 		"id" : 437}	
,	
{        "name" : "Non-residential Waste Permitting & Inspection", 	   "type" : "3", 	   "weight" : "", 		"id" : 438}	
,	
{        "name" : "Emergency & Incident Resolution", 	   "type" : "3", 	   "weight" : "", 		"id" : 439}	
,	
{        "name" : "Asset Operations", 	   "type" : "3", 	   "weight" : "", 		"id" : 440}	
,	
{        "name" : "Inspection & Refurbishment", 	   "type" : "3", 	   "weight" : "", 		"id" : 441}	
,	
{        "name" : "Marketing Initiative Execution", 	   "type" : "3", 	   "weight" : "", 		"id" : 442}	
,	
{        "name" : "Customer Support", 	   "type" : "3", 	   "weight" : "", 		"id" : 443}	
,	
{        "name" : "Communication & Collaboration", 	   "type" : "3", 	   "weight" : "", 		"id" : 444}	
,	
{        "name" : "Logistics & Warehouse", 	   "type" : "3", 	   "weight" : "", 		"id" : 445}	
,	
{        "name" : "Internal Audit", 	   "type" : "3", 	   "weight" : "", 		"id" : 446}	
,	
{        "name" : "People Recruitment & Development", 	   "type" : "3", 	   "weight" : "", 		"id" : 447}	
,	
{        "name" : "Fleet Maintenance", 	   "type" : "3", 	   "weight" : "", 		"id" : 448}	
,	
{        "name" : "Payroll", 	   "type" : "3", 	   "weight" : "", 		"id" : 449}	
,	
{        "name" : "Technology Delivery & Support", 	   "type" : "3", 	   "weight" : "", 		"id" : 450}	
,	
{        "name" : "Water Efficiency Initiative Execution", 	   "type" : "3", 	   "weight" : "", 		"id" : 451}	
,	
{        "name" : "Commercial & Industrial Permit Processing", 	   "type" : "3", 	   "weight" : "", 		"id" : 452}	

	
],
	
"links": [ 
	
{"target": 271, 				"source": 0, 				"value": "45"},
	
{"target": 271, 				"source": 1, 				"value": "36"},
	
{"target": 271, 				"source": 2, 				"value": "36"},
	
{"target": 271, 				"source": 4, 				"value": "45"},
	
{"target": 271, 				"source": 5, 				"value": "45"},
	
{"target": 271, 				"source": 6, 				"value": "45"},
	
{"target": 271, 				"source": 7, 				"value": "36"},
	
{"target": 271, 				"source": 8, 				"value": "36"},
	
{"target": 271, 				"source": 9, 				"value": "36"},
	
{"target": 272, 				"source": 0, 				"value": "54"},
	
{"target": 272, 				"source": 10, 				"value": "54"},
	
{"target": 272, 				"source": 11, 				"value": "54"},
	
{"target": 272, 				"source": 13, 				"value": "54"},
	
{"target": 272, 				"source": 14, 				"value": "45"},
	
{"target": 272, 				"source": 15, 				"value": "36"},
	
{"target": 273, 				"source": 0, 				"value": "54"},
	
{"target": 273, 				"source": 10, 				"value": "54"},
	
{"target": 273, 				"source": 11, 				"value": "54"},
	
{"target": 273, 				"source": 13, 				"value": "54"},
	
{"target": 273, 				"source": 14, 				"value": "45"},
	
{"target": 273, 				"source": 15, 				"value": "36"},
	
{"target": 274, 				"source": 15, 				"value": "54"},
	
{"target": 275, 				"source": 0, 				"value": "54"},
	
{"target": 275, 				"source": 17, 				"value": "18"},
	
{"target": 275, 				"source": 11, 				"value": "54"},
	
{"target": 275, 				"source": 13, 				"value": "54"},
	
{"target": 275, 				"source": 14, 				"value": "45"},
	
{"target": 275, 				"source": 15, 				"value": "36"},
	
{"target": 276, 				"source": 0, 				"value": "54"},
	
{"target": 276, 				"source": 11, 				"value": "54"},
	
{"target": 276, 				"source": 18, 				"value": "54"},
	
{"target": 276, 				"source": 19, 				"value": "27"},
	
{"target": 276, 				"source": 20, 				"value": "54"},
	
{"target": 276, 				"source": 15, 				"value": "54"},
	
{"target": 276, 				"source": 21, 				"value": "54"},
	
{"target": 277, 				"source": 0, 				"value": "45"},
	
{"target": 277, 				"source": 11, 				"value": "54"},
	
{"target": 277, 				"source": 18, 				"value": "54"},
	
{"target": 277, 				"source": 22, 				"value": "45"},
	
{"target": 277, 				"source": 23, 				"value": "54"},
	
{"target": 277, 				"source": 15, 				"value": "54"},
	
{"target": 278, 				"source": 0, 				"value": "45"},
	
{"target": 278, 				"source": 11, 				"value": "54"},
	
{"target": 278, 				"source": 18, 				"value": "54"},
	
{"target": 278, 				"source": 15, 				"value": "54"},
	
{"target": 279, 				"source": 24, 				"value": "27"},
	
{"target": 280, 				"source": 11, 				"value": "54"},
	
{"target": 280, 				"source": 14, 				"value": "45"},
	
{"target": 280, 				"source": 15, 				"value": "45"},
	
{"target": 280, 				"source": 21, 				"value": "45"},
	
{"target": 281, 				"source": 11, 				"value": "54"},
	
{"target": 281, 				"source": 25, 				"value": "18"},
	
{"target": 281, 				"source": 26, 				"value": "18"},
	
{"target": 281, 				"source": 14, 				"value": "54"},
	
{"target": 281, 				"source": 22, 				"value": "36"},
	
{"target": 281, 				"source": 20, 				"value": "54"},
	
{"target": 282, 				"source": 27, 				"value": "45"},
	
{"target": 282, 				"source": 20, 				"value": "54"},
	
{"target": 282, 				"source": 28, 				"value": "54"},
	
{"target": 283, 				"source": 21, 				"value": "18"},
	
{"target": 284, 				"source": 42, 				"value": "54"},
	
{"target": 285, 				"source": 43, 				"value": "54"},
	
{"target": 285, 				"source": 44, 				"value": "54"},
	
{"target": 285, 				"source": 42, 				"value": "54"},
	
{"target": 285, 				"source": 46, 				"value": "54"},
	
{"target": 285, 				"source": 48, 				"value": "27"},
	
{"target": 285, 				"source": 49, 				"value": "36"},
	
{"target": 285, 				"source": 50, 				"value": "54"},
	
{"target": 286, 				"source": 43, 				"value": "54"},
	
{"target": 286, 				"source": 51, 				"value": "36"},
	
{"target": 286, 				"source": 46, 				"value": "54"},
	
{"target": 286, 				"source": 50, 				"value": "45"},
	
{"target": 287, 				"source": 5, 				"value": "45"},
	
{"target": 288, 				"source": 52, 				"value": "45"},
	
{"target": 288, 				"source": 53, 				"value": "36"},
	
{"target": 288, 				"source": 5, 				"value": "54"},
	
{"target": 288, 				"source": 54, 				"value": "45"},
	
{"target": 289, 				"source": 21, 				"value": "54"},
	
{"target": 290, 				"source": 52, 				"value": "54"},
	
{"target": 290, 				"source": 53, 				"value": "45"},
	
{"target": 290, 				"source": 55, 				"value": "36"},
	
{"target": 290, 				"source": 54, 				"value": "45"},
	
{"target": 291, 				"source": 56, 				"value": "54"},
	
{"target": 291, 				"source": 57, 				"value": "54"},
	
{"target": 292, 				"source": 24, 				"value": "36"},
	
{"target": 293, 				"source": 58, 				"value": "45"},
	
{"target": 294, 				"source": 59, 				"value": "36"},
	
{"target": 294, 				"source": 60, 				"value": "27"},
	
{"target": 294, 				"source": 61, 				"value": "54"},
	
{"target": 295, 				"source": 62, 				"value": "45"},
	
{"target": 296, 				"source": 63, 				"value": "54"},
	
{"target": 297, 				"source": 16, 				"value": "54"},
	
{"target": 297, 				"source": 42, 				"value": "54"},
	
{"target": 297, 				"source": 64, 				"value": "18"},
	
{"target": 298, 				"source": 63, 				"value": "36"},
	
{"target": 298, 				"source": 58, 				"value": "54"},
	
{"target": 299, 				"source": 65, 				"value": "45"},
	
{"target": 299, 				"source": 66, 				"value": "36"},
	
{"target": 299, 				"source": 67, 				"value": "36"},
	
{"target": 299, 				"source": 68, 				"value": "54"},
	
{"target": 299, 				"source": 42, 				"value": "54"},
	
{"target": 299, 				"source": 69, 				"value": "36"},
	
{"target": 299, 				"source": 70, 				"value": "45"},
	
{"target": 299, 				"source": 21, 				"value": "18"},
	
{"target": 300, 				"source": 71, 				"value": "54"},
	
{"target": 300, 				"source": 68, 				"value": "54"},
	
{"target": 300, 				"source": 72, 				"value": "54"},
	
{"target": 300, 				"source": 73, 				"value": "18"},
	
{"target": 300, 				"source": 73, 				"value": "18"},
	
{"target": 300, 				"source": 74, 				"value": "45"},
	
{"target": 301, 				"source": 75, 				"value": "54"},
	
{"target": 301, 				"source": 76, 				"value": "54"},
	
{"target": 301, 				"source": 77, 				"value": "36"},
	
{"target": 301, 				"source": 44, 				"value": "54"},
	
{"target": 301, 				"source": 42, 				"value": "54"},
	
{"target": 301, 				"source": 46, 				"value": "54"},
	
{"target": 301, 				"source": 78, 				"value": "54"},
	
{"target": 301, 				"source": 72, 				"value": "45"},
	
{"target": 302, 				"source": 79, 				"value": "54"},
	
{"target": 302, 				"source": 43, 				"value": "54"},
	
{"target": 302, 				"source": 68, 				"value": "54"},
	
{"target": 302, 				"source": 42, 				"value": "54"},
	
{"target": 302, 				"source": 72, 				"value": "54"},
	
{"target": 303, 				"source": 42, 				"value": "54"},
	
{"target": 303, 				"source": 80, 				"value": "54"},
	
{"target": 304, 				"source": 16, 				"value": "18"},
	
{"target": 304, 				"source": 43, 				"value": "36"},
	
{"target": 304, 				"source": 68, 				"value": "54"},
	
{"target": 304, 				"source": 42, 				"value": "54"},
	
{"target": 304, 				"source": 6, 				"value": "36"},
	
{"target": 304, 				"source": 72, 				"value": "54"},
	
{"target": 304, 				"source": 64, 				"value": "27"},
	
{"target": 304, 				"source": 63, 				"value": "27"},
	
{"target": 305, 				"source": 64, 				"value": "18"},
	
{"target": 305, 				"source": 47, 				"value": "54"},
	
{"target": 306, 				"source": 42, 				"value": "54"},
	
{"target": 306, 				"source": 64, 				"value": "18"},
	
{"target": 306, 				"source": 24, 				"value": "45"},
	
{"target": 307, 				"source": 42, 				"value": "54"},
	
{"target": 307, 				"source": 6, 				"value": "54"},
	
{"target": 308, 				"source": 42, 				"value": "54"},
	
{"target": 308, 				"source": 64, 				"value": "27"},
	
{"target": 309, 				"source": 81, 				"value": "45"},
	
{"target": 309, 				"source": 64, 				"value": "18"},
	
{"target": 309, 				"source": 47, 				"value": "54"},
	
{"target": 310, 				"source": 82, 				"value": "36"},
	
{"target": 311, 				"source": 83, 				"value": "36"},
	
{"target": 311, 				"source": 83, 				"value": "18"},
	
{"target": 311, 				"source": 7, 				"value": "54"},
	
{"target": 311, 				"source": 84, 				"value": "45"},
	
{"target": 311, 				"source": 85, 				"value": "18"},
	
{"target": 311, 				"source": 86, 				"value": "45"},
	
{"target": 312, 				"source": 43, 				"value": "36"},
	
{"target": 312, 				"source": 87, 				"value": "54"},
	
{"target": 312, 				"source": 88, 				"value": "54"},
	
{"target": 312, 				"source": 89, 				"value": "36"},
	
{"target": 312, 				"source": 90, 				"value": "18"},
	
{"target": 312, 				"source": 42, 				"value": "45"},
	
{"target": 312, 				"source": 91, 				"value": "18"},
	
{"target": 312, 				"source": 92, 				"value": "45"},
	
{"target": 312, 				"source": 93, 				"value": "54"},
	
{"target": 312, 				"source": 5, 				"value": "54"},
	
{"target": 312, 				"source": 94, 				"value": "45"},
	
{"target": 312, 				"source": 7, 				"value": "54"},
	
{"target": 312, 				"source": 95, 				"value": "54"},
	
{"target": 312, 				"source": 61, 				"value": "54"},
	
{"target": 312, 				"source": 96, 				"value": "45"},
	
{"target": 312, 				"source": 50, 				"value": "36"},
	
{"target": 312, 				"source": 97, 				"value": "18"},
	
{"target": 312, 				"source": 98, 				"value": "27"},
	
{"target": 312, 				"source": 99, 				"value": "36"},
	
{"target": 313, 				"source": 100, 				"value": "54"},
	
{"target": 314, 				"source": 101, 				"value": "36"},
	
{"target": 314, 				"source": 6, 				"value": "27"},
	
{"target": 314, 				"source": 102, 				"value": "36"},
	
{"target": 314, 				"source": 103, 				"value": "27"},
	
{"target": 314, 				"source": 104, 				"value": "18"},
	
{"target": 314, 				"source": 105, 				"value": "36"},
	
{"target": 315, 				"source": 106, 				"value": "54"},
	
{"target": 315, 				"source": 102, 				"value": "27"},
	
{"target": 315, 				"source": 107, 				"value": "54"},
	
{"target": 315, 				"source": 104, 				"value": "18"},
	
{"target": 315, 				"source": 108, 				"value": "18"},
	
{"target": 315, 				"source": 105, 				"value": "36"},
	
{"target": 316, 				"source": 101, 				"value": "36"},
	
{"target": 316, 				"source": 109, 				"value": "18"},
	
{"target": 316, 				"source": 109, 				"value": "18"},
	
{"target": 316, 				"source": 102, 				"value": "54"},
	
{"target": 316, 				"source": 103, 				"value": "27"},
	
{"target": 316, 				"source": 104, 				"value": "18"},
	
{"target": 316, 				"source": 108, 				"value": "27"},
	
{"target": 316, 				"source": 110, 				"value": "27"},
	
{"target": 316, 				"source": 111, 				"value": "45"},
	
{"target": 317, 				"source": 112, 				"value": "54"},
	
{"target": 317, 				"source": 113, 				"value": "54"},
	
{"target": 317, 				"source": 114, 				"value": "54"},
	
{"target": 317, 				"source": 115, 				"value": "27"},
	
{"target": 317, 				"source": 116, 				"value": "54"},
	
{"target": 317, 				"source": 101, 				"value": "54"},
	
{"target": 317, 				"source": 109, 				"value": "18"},
	
{"target": 317, 				"source": 117, 				"value": "18"},
	
{"target": 317, 				"source": 118, 				"value": "54"},
	
{"target": 317, 				"source": 102, 				"value": "54"},
	
{"target": 317, 				"source": 110, 				"value": "27"},
	
{"target": 317, 				"source": 111, 				"value": "45"},
	
{"target": 317, 				"source": 119, 				"value": "36"},
	
{"target": 317, 				"source": 120, 				"value": "45"},
	
{"target": 317, 				"source": 121, 				"value": "18"},
	
{"target": 318, 				"source": 112, 				"value": "45"},
	
{"target": 318, 				"source": 114, 				"value": "54"},
	
{"target": 318, 				"source": 116, 				"value": "54"},
	
{"target": 318, 				"source": 118, 				"value": "54"},
	
{"target": 318, 				"source": 122, 				"value": "54"},
	
{"target": 318, 				"source": 123, 				"value": "27"},
	
{"target": 318, 				"source": 124, 				"value": "18"},
	
{"target": 318, 				"source": 125, 				"value": "27"},
	
{"target": 319, 				"source": 101, 				"value": "45"},
	
{"target": 319, 				"source": 102, 				"value": "45"},
	
{"target": 320, 				"source": 101, 				"value": "54"},
	
{"target": 320, 				"source": 106, 				"value": "54"},
	
{"target": 320, 				"source": 102, 				"value": "54"},
	
{"target": 320, 				"source": 107, 				"value": "54"},
	
{"target": 320, 				"source": 104, 				"value": "18"},
	
{"target": 320, 				"source": 108, 				"value": "27"},
	
{"target": 320, 				"source": 126, 				"value": "45"},
	
{"target": 320, 				"source": 127, 				"value": "45"},
	
{"target": 320, 				"source": 128, 				"value": "45"},
	
{"target": 320, 				"source": 129, 				"value": "36"},
	
{"target": 320, 				"source": 130, 				"value": "18"},
	
{"target": 320, 				"source": 105, 				"value": "36"},
	
{"target": 321, 				"source": 131, 				"value": "18"},
	
{"target": 321, 				"source": 77, 				"value": "27"},
	
{"target": 321, 				"source": 55, 				"value": "27"},
	
{"target": 321, 				"source": 132, 				"value": "27"},
	
{"target": 321, 				"source": 2, 				"value": "18"},
	
{"target": 321, 				"source": 12, 				"value": "45"},
	
{"target": 321, 				"source": 5, 				"value": "45"},
	
{"target": 321, 				"source": 54, 				"value": "45"},
	
{"target": 321, 				"source": 100, 				"value": "18"},
	
{"target": 321, 				"source": 133, 				"value": "18"},
	
{"target": 321, 				"source": 24, 				"value": "54"},
	
{"target": 321, 				"source": 134, 				"value": "18"},
	
{"target": 321, 				"source": 61, 				"value": "54"},
	
{"target": 321, 				"source": 135, 				"value": "54"},
	
{"target": 321, 				"source": 136, 				"value": "18"},
	
{"target": 321, 				"source": 137, 				"value": "18"},
	
{"target": 321, 				"source": 138, 				"value": "45"},
	
{"target": 322, 				"source": 77, 				"value": "54"},
	
{"target": 322, 				"source": 2, 				"value": "45"},
	
{"target": 322, 				"source": 12, 				"value": "18"},
	
{"target": 322, 				"source": 139, 				"value": "18"},
	
{"target": 322, 				"source": 54, 				"value": "45"},
	
{"target": 322, 				"source": 140, 				"value": "54"},
	
{"target": 322, 				"source": 24, 				"value": "18"},
	
{"target": 322, 				"source": 61, 				"value": "54"},
	
{"target": 322, 				"source": 135, 				"value": "54"},
	
{"target": 322, 				"source": 141, 				"value": "45"},
	
{"target": 322, 				"source": 137, 				"value": "27"},
	
{"target": 322, 				"source": 138, 				"value": "45"},
	
{"target": 323, 				"source": 145, 				"value": "54"},
	
{"target": 323, 				"source": 61, 				"value": "54"},
	
{"target": 324, 				"source": 90, 				"value": "27"},
	
{"target": 324, 				"source": 42, 				"value": "36"},
	
{"target": 324, 				"source": 46, 				"value": "45"},
	
{"target": 324, 				"source": 6, 				"value": "54"},
	
{"target": 324, 				"source": 117, 				"value": "54"},
	
{"target": 324, 				"source": 61, 				"value": "54"},
	
{"target": 324, 				"source": 146, 				"value": "27"},
	
{"target": 324, 				"source": 147, 				"value": "27"},
	
{"target": 324, 				"source": 148, 				"value": "27"},
	
{"target": 324, 				"source": 149, 				"value": "27"},
	
{"target": 325, 				"source": 145, 				"value": "54"},
	
{"target": 326, 				"source": 61, 				"value": "54"},
	
{"target": 327, 				"source": 150, 				"value": "18"},
	
{"target": 327, 				"source": 151, 				"value": "18"},
	
{"target": 327, 				"source": 60, 				"value": "18"},
	
{"target": 327, 				"source": 42, 				"value": "18"},
	
{"target": 327, 				"source": 4, 				"value": "18"},
	
{"target": 327, 				"source": 5, 				"value": "18"},
	
{"target": 327, 				"source": 6, 				"value": "18"},
	
{"target": 327, 				"source": 152, 				"value": "18"},
	
{"target": 327, 				"source": 54, 				"value": "18"},
	
{"target": 327, 				"source": 20, 				"value": "18"},
	
{"target": 327, 				"source": 61, 				"value": "18"},
	
{"target": 327, 				"source": 153, 				"value": "18"},
	
{"target": 327, 				"source": 154, 				"value": "18"},
	
{"target": 327, 				"source": 155, 				"value": "18"},
	
{"target": 328, 				"source": 145, 				"value": "18"},
	
{"target": 328, 				"source": 42, 				"value": "18"},
	
{"target": 328, 				"source": 5, 				"value": "18"},
	
{"target": 328, 				"source": 6, 				"value": "18"},
	
{"target": 328, 				"source": 15, 				"value": "18"},
	
{"target": 328, 				"source": 61, 				"value": "18"},
	
{"target": 328, 				"source": 146, 				"value": "18"},
	
{"target": 329, 				"source": 1, 				"value": "27"},
	
{"target": 329, 				"source": 2, 				"value": "54"},
	
{"target": 329, 				"source": 6, 				"value": "54"},
	
{"target": 329, 				"source": 7, 				"value": "54"},
	
{"target": 330, 				"source": 2, 				"value": "54"},
	
{"target": 330, 				"source": 7, 				"value": "54"},
	
{"target": 331, 				"source": 2, 				"value": "54"},
	
{"target": 331, 				"source": 6, 				"value": "54"},
	
{"target": 331, 				"source": 7, 				"value": "54"},
	
{"target": 331, 				"source": 61, 				"value": "54"},
	
{"target": 331, 				"source": 156, 				"value": "45"},
	
{"target": 332, 				"source": 6, 				"value": "45"},
	
{"target": 332, 				"source": 7, 				"value": "54"},
	
{"target": 333, 				"source": 157, 				"value": "45"},
	
{"target": 333, 				"source": 18, 				"value": "45"},
	
{"target": 333, 				"source": 2, 				"value": "54"},
	
{"target": 333, 				"source": 5, 				"value": "54"},
	
{"target": 333, 				"source": 6, 				"value": "45"},
	
{"target": 333, 				"source": 117, 				"value": "45"},
	
{"target": 333, 				"source": 7, 				"value": "54"},
	
{"target": 333, 				"source": 158, 				"value": "45"},
	
{"target": 334, 				"source": 18, 				"value": "54"},
	
{"target": 334, 				"source": 159, 				"value": "54"},
	
{"target": 334, 				"source": 160, 				"value": "54"},
	
{"target": 334, 				"source": 161, 				"value": "54"},
	
{"target": 334, 				"source": 162, 				"value": "54"},
	
{"target": 334, 				"source": 163, 				"value": "54"},
	
{"target": 334, 				"source": 164, 				"value": "54"},
	
{"target": 335, 				"source": 162, 				"value": "36"},
	
{"target": 335, 				"source": 102, 				"value": "27"},
	
{"target": 335, 				"source": 165, 				"value": "36"},
	
{"target": 336, 				"source": 166, 				"value": "45"},
	
{"target": 336, 				"source": 167, 				"value": "18"},
	
{"target": 336, 				"source": 167, 				"value": "18"},
	
{"target": 336, 				"source": 168, 				"value": "45"},
	
{"target": 336, 				"source": 89, 				"value": "36"},
	
{"target": 336, 				"source": 18, 				"value": "54"},
	
{"target": 336, 				"source": 4, 				"value": "36"},
	
{"target": 336, 				"source": 169, 				"value": "54"},
	
{"target": 336, 				"source": 14, 				"value": "36"},
	
{"target": 336, 				"source": 5, 				"value": "45"},
	
{"target": 336, 				"source": 159, 				"value": "36"},
	
{"target": 336, 				"source": 24, 				"value": "27"},
	
{"target": 336, 				"source": 15, 				"value": "45"},
	
{"target": 336, 				"source": 162, 				"value": "36"},
	
{"target": 336, 				"source": 21, 				"value": "45"},
	
{"target": 336, 				"source": 170, 				"value": "54"},
	
{"target": 336, 				"source": 164, 				"value": "45"},
	
{"target": 337, 				"source": 171, 				"value": "45"},
	
{"target": 337, 				"source": 1, 				"value": "27"},
	
{"target": 337, 				"source": 172, 				"value": "54"},
	
{"target": 337, 				"source": 11, 				"value": "54"},
	
{"target": 337, 				"source": 2, 				"value": "54"},
	
{"target": 337, 				"source": 4, 				"value": "27"},
	
{"target": 337, 				"source": 173, 				"value": "36"},
	
{"target": 337, 				"source": 12, 				"value": "45"},
	
{"target": 337, 				"source": 5, 				"value": "54"},
	
{"target": 337, 				"source": 100, 				"value": "36"},
	
{"target": 337, 				"source": 8, 				"value": "27"},
	
{"target": 338, 				"source": 5, 				"value": "54"},
	
{"target": 338, 				"source": 21, 				"value": "45"},
	
{"target": 339, 				"source": 174, 				"value": "18"},
	
{"target": 339, 				"source": 175, 				"value": "27"},
	
{"target": 339, 				"source": 176, 				"value": "36"},
	
{"target": 339, 				"source": 176, 				"value": "18"},
	
{"target": 339, 				"source": 177, 				"value": "36"},
	
{"target": 339, 				"source": 178, 				"value": "18"},
	
{"target": 339, 				"source": 179, 				"value": "18"},
	
{"target": 339, 				"source": 180, 				"value": "18"},
	
{"target": 339, 				"source": 181, 				"value": "36"},
	
{"target": 339, 				"source": 182, 				"value": "36"},
	
{"target": 339, 				"source": 183, 				"value": "18"},
	
{"target": 339, 				"source": 184, 				"value": "36"},
	
{"target": 339, 				"source": 185, 				"value": "54"},
	
{"target": 339, 				"source": 186, 				"value": "27"},
	
{"target": 339, 				"source": 187, 				"value": "36"},
	
{"target": 339, 				"source": 188, 				"value": "27"},
	
{"target": 339, 				"source": 189, 				"value": "36"},
	
{"target": 339, 				"source": 190, 				"value": "54"},
	
{"target": 339, 				"source": 191, 				"value": "36"},
	
{"target": 339, 				"source": 159, 				"value": "36"},
	
{"target": 339, 				"source": 192, 				"value": "36"},
	
{"target": 339, 				"source": 193, 				"value": "27"},
	
{"target": 339, 				"source": 194, 				"value": "36"},
	
{"target": 339, 				"source": 195, 				"value": "18"},
	
{"target": 339, 				"source": 196, 				"value": "27"},
	
{"target": 339, 				"source": 197, 				"value": "36"},
	
{"target": 339, 				"source": 198, 				"value": "36"},
	
{"target": 339, 				"source": 160, 				"value": "54"},
	
{"target": 339, 				"source": 199, 				"value": "27"},
	
{"target": 339, 				"source": 200, 				"value": "45"},
	
{"target": 339, 				"source": 201, 				"value": "27"},
	
{"target": 339, 				"source": 163, 				"value": "18"},
	
{"target": 339, 				"source": 164, 				"value": "18"},
	
{"target": 340, 				"source": 5, 				"value": "54"},
	
{"target": 340, 				"source": 54, 				"value": "36"},
	
{"target": 340, 				"source": 100, 				"value": "45"},
	
{"target": 341, 				"source": 1, 				"value": "27"},
	
{"target": 341, 				"source": 77, 				"value": "45"},
	
{"target": 341, 				"source": 2, 				"value": "54"},
	
{"target": 341, 				"source": 6, 				"value": "18"},
	
{"target": 341, 				"source": 8, 				"value": "45"},
	
{"target": 341, 				"source": 202, 				"value": "36"},
	
{"target": 342, 				"source": 49, 				"value": "18"},
	
{"target": 342, 				"source": 203, 				"value": "18"},
	
{"target": 343, 				"source": 204, 				"value": "18"},
	
{"target": 343, 				"source": 78, 				"value": "18"},
	
{"target": 343, 				"source": 21, 				"value": "18"},
	
{"target": 343, 				"source": 37, 				"value": "18"},
	
{"target": 344, 				"source": 78, 				"value": "18"},
	
{"target": 344, 				"source": 21, 				"value": "18"},
	
{"target": 345, 				"source": 78, 				"value": "18"},
	
{"target": 346, 				"source": 205, 				"value": "18"},
	
{"target": 346, 				"source": 206, 				"value": "18"},
	
{"target": 346, 				"source": 207, 				"value": "18"},
	
{"target": 346, 				"source": 78, 				"value": "18"},
	
{"target": 346, 				"source": 21, 				"value": "18"},
	
{"target": 346, 				"source": 208, 				"value": "18"},
	
{"target": 347, 				"source": 209, 				"value": "18"},
	
{"target": 347, 				"source": 78, 				"value": "18"},
	
{"target": 347, 				"source": 21, 				"value": "18"},
	
{"target": 349, 				"source": 75, 				"value": "18"},
	
{"target": 349, 				"source": 75, 				"value": "18"},
	
{"target": 349, 				"source": 210, 				"value": "18"},
	
{"target": 349, 				"source": 211, 				"value": "18"},
	
{"target": 349, 				"source": 212, 				"value": "18"},
	
{"target": 349, 				"source": 76, 				"value": "18"},
	
{"target": 349, 				"source": 42, 				"value": "18"},
	
{"target": 349, 				"source": 91, 				"value": "18"},
	
{"target": 349, 				"source": 213, 				"value": "18"},
	
{"target": 349, 				"source": 78, 				"value": "18"},
	
{"target": 349, 				"source": 12, 				"value": "18"},
	
{"target": 349, 				"source": 159, 				"value": "18"},
	
{"target": 349, 				"source": 24, 				"value": "18"},
	
{"target": 349, 				"source": 21, 				"value": "18"},
	
{"target": 349, 				"source": 96, 				"value": "18"},
	
{"target": 349, 				"source": 208, 				"value": "18"},
	
{"target": 350, 				"source": 145, 				"value": "18"},
	
{"target": 350, 				"source": 89, 				"value": "18"},
	
{"target": 350, 				"source": 67, 				"value": "18"},
	
{"target": 350, 				"source": 90, 				"value": "18"},
	
{"target": 350, 				"source": 185, 				"value": "18"},
	
{"target": 350, 				"source": 44, 				"value": "18"},
	
{"target": 350, 				"source": 42, 				"value": "18"},
	
{"target": 350, 				"source": 116, 				"value": "18"},
	
{"target": 350, 				"source": 169, 				"value": "18"},
	
{"target": 350, 				"source": 159, 				"value": "18"},
	
{"target": 350, 				"source": 144, 				"value": "18"},
	
{"target": 350, 				"source": 64, 				"value": "18"},
	
{"target": 350, 				"source": 24, 				"value": "18"},
	
{"target": 350, 				"source": 162, 				"value": "18"},
	
{"target": 350, 				"source": 96, 				"value": "18"},
	
{"target": 350, 				"source": 214, 				"value": "18"},
	
{"target": 351, 				"source": 0, 				"value": "18"},
	
{"target": 351, 				"source": 10, 				"value": "18"},
	
{"target": 351, 				"source": 13, 				"value": "18"},
	
{"target": 351, 				"source": 12, 				"value": "18"},
	
{"target": 351, 				"source": 15, 				"value": "18"},
	
{"target": 352, 				"source": 0, 				"value": "18"},
	
{"target": 352, 				"source": 11, 				"value": "18"},
	
{"target": 352, 				"source": 67, 				"value": "18"},
	
{"target": 352, 				"source": 15, 				"value": "18"},
	
{"target": 352, 				"source": 215, 				"value": "18"},
	
{"target": 353, 				"source": 0, 				"value": "18"},
	
{"target": 353, 				"source": 218, 				"value": "18"},
	
{"target": 353, 				"source": 11, 				"value": "18"},
	
{"target": 353, 				"source": 67, 				"value": "18"},
	
{"target": 353, 				"source": 219, 				"value": "18"},
	
{"target": 353, 				"source": 15, 				"value": "18"},
	
{"target": 353, 				"source": 215, 				"value": "18"},
	
{"target": 354, 				"source": 0, 				"value": "18"},
	
{"target": 354, 				"source": 220, 				"value": "18"},
	
{"target": 354, 				"source": 11, 				"value": "18"},
	
{"target": 354, 				"source": 67, 				"value": "18"},
	
{"target": 354, 				"source": 221, 				"value": "18"},
	
{"target": 354, 				"source": 15, 				"value": "18"},
	
{"target": 354, 				"source": 215, 				"value": "18"},
	
{"target": 355, 				"source": 0, 				"value": "18"},
	
{"target": 355, 				"source": 11, 				"value": "18"},
	
{"target": 355, 				"source": 67, 				"value": "18"},
	
{"target": 355, 				"source": 15, 				"value": "18"},
	
{"target": 356, 				"source": 10, 				"value": "18"},
	
{"target": 356, 				"source": 11, 				"value": "18"},
	
{"target": 356, 				"source": 67, 				"value": "18"},
	
{"target": 356, 				"source": 15, 				"value": "18"},
	
{"target": 357, 				"source": 11, 				"value": "18"},
	
{"target": 357, 				"source": 67, 				"value": "18"},
	
{"target": 358, 				"source": 10, 				"value": "18"},
	
{"target": 358, 				"source": 11, 				"value": "18"},
	
{"target": 358, 				"source": 67, 				"value": "18"},
	
{"target": 358, 				"source": 222, 				"value": "18"},
	
{"target": 358, 				"source": 15, 				"value": "18"},
	
{"target": 359, 				"source": 10, 				"value": "18"},
	
{"target": 359, 				"source": 11, 				"value": "18"},
	
{"target": 359, 				"source": 67, 				"value": "18"},
	
{"target": 359, 				"source": 219, 				"value": "18"},
	
{"target": 359, 				"source": 15, 				"value": "18"},
	
{"target": 360, 				"source": 145, 				"value": "36"},
	
{"target": 360, 				"source": 2, 				"value": "45"},
	
{"target": 360, 				"source": 100, 				"value": "18"},
	
{"target": 360, 				"source": 162, 				"value": "54"},
	
{"target": 361, 				"source": 162, 				"value": "54"},
	
{"target": 361, 				"source": 223, 				"value": "18"},
	
{"target": 362, 				"source": 224, 				"value": "54"},
	
{"target": 362, 				"source": 225, 				"value": "54"},
	
{"target": 362, 				"source": 212, 				"value": "18"},
	
{"target": 362, 				"source": 226, 				"value": "18"},
	
{"target": 362, 				"source": 209, 				"value": "54"},
	
{"target": 362, 				"source": 115, 				"value": "45"},
	
{"target": 362, 				"source": 116, 				"value": "54"},
	
{"target": 362, 				"source": 227, 				"value": "45"},
	
{"target": 362, 				"source": 228, 				"value": "36"},
	
{"target": 362, 				"source": 162, 				"value": "54"},
	
{"target": 362, 				"source": 229, 				"value": "18"},
	
{"target": 362, 				"source": 61, 				"value": "45"},
	
{"target": 362, 				"source": 230, 				"value": "45"},
	
{"target": 362, 				"source": 231, 				"value": "27"},
	
{"target": 362, 				"source": 232, 				"value": "27"},
	
{"target": 362, 				"source": 233, 				"value": "18"},
	
{"target": 362, 				"source": 234, 				"value": "54"},
	
{"target": 362, 				"source": 235, 				"value": "18"},
	
{"target": 363, 				"source": 236, 				"value": "18"},
	
{"target": 363, 				"source": 77, 				"value": "45"},
	
{"target": 363, 				"source": 237, 				"value": "54"},
	
{"target": 363, 				"source": 116, 				"value": "54"},
	
{"target": 363, 				"source": 8, 				"value": "18"},
	
{"target": 363, 				"source": 162, 				"value": "54"},
	
{"target": 363, 				"source": 238, 				"value": "27"},
	
{"target": 364, 				"source": 18, 				"value": "18"},
	
{"target": 364, 				"source": 15, 				"value": "18"},
	
{"target": 364, 				"source": 239, 				"value": "18"},
	
{"target": 365, 				"source": 240, 				"value": "36"},
	
{"target": 365, 				"source": 10, 				"value": "36"},
	
{"target": 365, 				"source": 18, 				"value": "36"},
	
{"target": 365, 				"source": 241, 				"value": "27"},
	
{"target": 365, 				"source": 161, 				"value": "18"},
	
{"target": 365, 				"source": 96, 				"value": "54"},
	
{"target": 365, 				"source": 242, 				"value": "36"},
	
{"target": 366, 				"source": 240, 				"value": "18"},
	
{"target": 366, 				"source": 10, 				"value": "18"},
	
{"target": 366, 				"source": 18, 				"value": "18"},
	
{"target": 366, 				"source": 51, 				"value": "18"},
	
{"target": 366, 				"source": 243, 				"value": "18"},
	
{"target": 366, 				"source": 15, 				"value": "18"},
	
{"target": 366, 				"source": 161, 				"value": "18"},
	
{"target": 366, 				"source": 96, 				"value": "18"},
	
{"target": 366, 				"source": 242, 				"value": "18"},
	
{"target": 367, 				"source": 244, 				"value": "18"},
	
{"target": 367, 				"source": 245, 				"value": "18"},
	
{"target": 367, 				"source": 225, 				"value": "18"},
	
{"target": 367, 				"source": 246, 				"value": "18"},
	
{"target": 367, 				"source": 247, 				"value": "18"},
	
{"target": 367, 				"source": 182, 				"value": "18"},
	
{"target": 367, 				"source": 10, 				"value": "18"},
	
{"target": 367, 				"source": 248, 				"value": "18"},
	
{"target": 367, 				"source": 18, 				"value": "18"},
	
{"target": 367, 				"source": 249, 				"value": "18"},
	
{"target": 367, 				"source": 250, 				"value": "18"},
	
{"target": 367, 				"source": 251, 				"value": "18"},
	
{"target": 367, 				"source": 252, 				"value": "18"},
	
{"target": 367, 				"source": 253, 				"value": "18"},
	
{"target": 367, 				"source": 254, 				"value": "18"},
	
{"target": 367, 				"source": 241, 				"value": "18"},
	
{"target": 367, 				"source": 255, 				"value": "18"},
	
{"target": 367, 				"source": 219, 				"value": "18"},
	
{"target": 367, 				"source": 256, 				"value": "18"},
	
{"target": 367, 				"source": 15, 				"value": "18"},
	
{"target": 367, 				"source": 257, 				"value": "18"},
	
{"target": 368, 				"source": 18, 				"value": "18"},
	
{"target": 368, 				"source": 258, 				"value": "18"},
	
{"target": 368, 				"source": 161, 				"value": "18"},
	
{"target": 368, 				"source": 239, 				"value": "18"},
	
{"target": 368, 				"source": 96, 				"value": "18"},
	
{"target": 369, 				"source": 176, 				"value": "54"},
	
{"target": 369, 				"source": 89, 				"value": "45"},
	
{"target": 369, 				"source": 218, 				"value": "36"},
	
{"target": 369, 				"source": 259, 				"value": "27"},
	
{"target": 369, 				"source": 24, 				"value": "54"},
	
{"target": 369, 				"source": 15, 				"value": "36"},
	
{"target": 369, 				"source": 162, 				"value": "45"},
	
{"target": 370, 				"source": 176, 				"value": "54"},
	
{"target": 370, 				"source": 89, 				"value": "45"},
	
{"target": 371, 				"source": 116, 				"value": "27"},
	
{"target": 371, 				"source": 100, 				"value": "36"},
	
{"target": 371, 				"source": 259, 				"value": "18"},
	
{"target": 371, 				"source": 260, 				"value": "45"},
	
{"target": 372, 				"source": 88, 				"value": "18"},
	
{"target": 372, 				"source": 18, 				"value": "18"},
	
{"target": 372, 				"source": 116, 				"value": "27"},
	
{"target": 372, 				"source": 12, 				"value": "18"},
	
{"target": 372, 				"source": 64, 				"value": "36"},
	
{"target": 373, 				"source": 261, 				"value": "18"},
	
{"target": 373, 				"source": 262, 				"value": "18"},
	
{"target": 373, 				"source": 210, 				"value": "18"},
	
{"target": 373, 				"source": 263, 				"value": "18"},
	
{"target": 373, 				"source": 225, 				"value": "54"},
	
{"target": 373, 				"source": 168, 				"value": "18"},
	
{"target": 373, 				"source": 89, 				"value": "18"},
	
{"target": 373, 				"source": 264, 				"value": "18"},
	
{"target": 373, 				"source": 10, 				"value": "18"},
	
{"target": 373, 				"source": 90, 				"value": "18"},
	
{"target": 373, 				"source": 185, 				"value": "18"},
	
{"target": 373, 				"source": 31, 				"value": "18"},
	
{"target": 373, 				"source": 169, 				"value": "18"},
	
{"target": 373, 				"source": 159, 				"value": "18"},
	
{"target": 373, 				"source": 22, 				"value": "18"},
	
{"target": 373, 				"source": 265, 				"value": "36"},
	
{"target": 373, 				"source": 24, 				"value": "18"},
	
{"target": 373, 				"source": 15, 				"value": "18"},
	
{"target": 373, 				"source": 266, 				"value": "18"},
	
{"target": 373, 				"source": 214, 				"value": "18"},
	
{"target": 374, 				"source": 10, 				"value": "18"},
	
{"target": 374, 				"source": 18, 				"value": "18"},
	
{"target": 374, 				"source": 267, 				"value": "18"},
	
{"target": 374, 				"source": 15, 				"value": "18"},
	
{"target": 374, 				"source": 161, 				"value": "18"},
	
{"target": 374, 				"source": 96, 				"value": "18"},
	
{"target": 375, 				"source": 268, 				"value": "45"},
	
{"target": 375, 				"source": 23, 				"value": "54"},
	
{"target": 375, 				"source": 15, 				"value": "54"},
	
{"target": 375, 				"source": 21, 				"value": "54"},
	
{"target": 375, 				"source": 269, 				"value": "36"},
	
{"target": 375, 				"source": 270, 				"value": "54"},
	
{"target": 376, 				"source": 274, 				"value": ""},
	
{"target": 376, 				"source": 275, 				"value": ""},
	
{"target": 376, 				"source": 272, 				"value": ""},
	
{"target": 376, 				"source": 273, 				"value": ""},
	
{"target": 377, 				"source": 165, 				"value": ""},
	
{"target": 377, 				"source": 143, 				"value": ""},
	
{"target": 378, 				"source": 23, 				"value": ""},
	
{"target": 378, 				"source": 294, 				"value": ""},
	
{"target": 379, 				"source": 271, 				"value": ""},
	
{"target": 379, 				"source": 147, 				"value": ""},
	
{"target": 380, 				"source": 342, 				"value": ""},
	
{"target": 381, 				"source": 277, 				"value": ""},
	
{"target": 382, 				"source": 340, 				"value": ""},
	
{"target": 382, 				"source": 290, 				"value": ""},
	
{"target": 382, 				"source": 102, 				"value": ""},
	
{"target": 382, 				"source": 287, 				"value": ""},
	
{"target": 382, 				"source": 289, 				"value": ""},
	
{"target": 382, 				"source": 180, 				"value": ""},
	
{"target": 382, 				"source": 288, 				"value": ""},
	
{"target": 383, 				"source": 279, 				"value": ""},
	
{"target": 383, 				"source": 281, 				"value": ""},
	
{"target": 384, 				"source": 278, 				"value": ""},
	
{"target": 385, 				"source": 276, 				"value": ""},
	
{"target": 386, 				"source": 359, 				"value": ""},
	
{"target": 387, 				"source": 364, 				"value": ""},
	
{"target": 387, 				"source": 373, 				"value": ""},
	
{"target": 388, 				"source": 375, 				"value": ""},
	
{"target": 389, 				"source": 353, 				"value": ""},
	
{"target": 390, 				"source": 360, 				"value": ""},
	
{"target": 391, 				"source": 164, 				"value": ""},
	
{"target": 391, 				"source": 305, 				"value": ""},
	
{"target": 392, 				"source": 304, 				"value": ""},
	
{"target": 392, 				"source": 305, 				"value": ""},
	
{"target": 393, 				"source": 321, 				"value": ""},
	
{"target": 393, 				"source": 72, 				"value": ""},
	
{"target": 394, 				"source": 332, 				"value": ""},
	
{"target": 395, 				"source": 297, 				"value": ""},
	
{"target": 395, 				"source": 298, 				"value": ""},
	
{"target": 395, 				"source": 296, 				"value": ""},
	
{"target": 396, 				"source": 41, 				"value": ""},
	
{"target": 397, 				"source": 337, 				"value": ""},
	
{"target": 397, 				"source": 338, 				"value": ""},
	
{"target": 398, 				"source": 339, 				"value": ""},
	
{"target": 399, 				"source": 366, 				"value": ""},
	
{"target": 399, 				"source": 368, 				"value": ""},
	
{"target": 400, 				"source": 306, 				"value": ""},
	
{"target": 400, 				"source": 308, 				"value": ""},
	
{"target": 400, 				"source": 309, 				"value": ""},
	
{"target": 401, 				"source": 116, 				"value": ""},
	
{"target": 402, 				"source": 299, 				"value": ""},
	
{"target": 402, 				"source": 303, 				"value": ""},
	
{"target": 403, 				"source": 314, 				"value": ""},
	
{"target": 403, 				"source": 316, 				"value": ""},
	
{"target": 404, 				"source": 326, 				"value": ""},
	
{"target": 404, 				"source": 327, 				"value": ""},
	
{"target": 404, 				"source": 295, 				"value": ""},
	
{"target": 405, 				"source": 77, 				"value": ""},
	
{"target": 405, 				"source": 181, 				"value": ""},
	
{"target": 405, 				"source": 313, 				"value": ""},
	
{"target": 406, 				"source": 61, 				"value": ""},
	
{"target": 407, 				"source": 286, 				"value": ""},
	
{"target": 407, 				"source": 284, 				"value": ""},
	
{"target": 407, 				"source": 285, 				"value": ""},
	
{"target": 408, 				"source": 282, 				"value": ""},
	
{"target": 408, 				"source": 280, 				"value": ""},
	
{"target": 409, 				"source": 336, 				"value": ""},
	
{"target": 409, 				"source": 335, 				"value": ""},
	
{"target": 409, 				"source": 334, 				"value": ""},
	
{"target": 410, 				"source": 358, 				"value": ""},
	
{"target": 410, 				"source": 357, 				"value": ""},
	
{"target": 410, 				"source": 356, 				"value": ""},
	
{"target": 411, 				"source": 372, 				"value": ""},
	
{"target": 411, 				"source": 370, 				"value": ""},
	
{"target": 411, 				"source": 369, 				"value": ""},
	
{"target": 411, 				"source": 371, 				"value": ""},
	
{"target": 412, 				"source": 352, 				"value": ""},
	
{"target": 412, 				"source": 354, 				"value": ""},
	
{"target": 412, 				"source": 355, 				"value": ""},
	
{"target": 413, 				"source": 374, 				"value": ""},
	
{"target": 414, 				"source": 343, 				"value": ""},
	
{"target": 414, 				"source": 345, 				"value": ""},
	
{"target": 414, 				"source": 344, 				"value": ""},
	
{"target": 414, 				"source": 346, 				"value": ""},
	
{"target": 414, 				"source": 347, 				"value": ""},
	
{"target": 414, 				"source": 366, 				"value": ""},
	
{"target": 414, 				"source": 368, 				"value": ""},
	
{"target": 414, 				"source": 365, 				"value": ""},
	
{"target": 415, 				"source": 99, 				"value": ""},
	
{"target": 416, 				"source": 141, 				"value": ""},
	
{"target": 417, 				"source": 362, 				"value": ""},
	
{"target": 417, 				"source": 361, 				"value": ""},
	
{"target": 417, 				"source": 363, 				"value": ""},
	
{"target": 418, 				"source": 304, 				"value": ""},
	
{"target": 420, 				"source": 300, 				"value": ""},
	
{"target": 420, 				"source": 301, 				"value": ""},
	
{"target": 421, 				"source": 325, 				"value": ""},
	
{"target": 421, 				"source": 323, 				"value": ""},
	
{"target": 421, 				"source": 324, 				"value": ""},
	
{"target": 421, 				"source": 326, 				"value": ""},
	
{"target": 422, 				"source": 135, 				"value": ""},
	
{"target": 422, 				"source": 83, 				"value": ""},
	
{"target": 422, 				"source": 136, 				"value": ""},
	
{"target": 422, 				"source": 322, 				"value": ""},
	
{"target": 422, 				"source": 321, 				"value": ""},
	
{"target": 423, 				"source": 127, 				"value": ""},
	
{"target": 423, 				"source": 293, 				"value": ""},
	
{"target": 423, 				"source": 292, 				"value": ""},
	
{"target": 423, 				"source": 291, 				"value": ""},
	
{"target": 424, 				"source": 312, 				"value": ""},
	
{"target": 425, 				"source": 350, 				"value": ""},
	
{"target": 426, 				"source": 112, 				"value": ""},
	
{"target": 426, 				"source": 319, 				"value": ""},
	
{"target": 426, 				"source": 315, 				"value": ""},
	
{"target": 427, 				"source": 181, 				"value": ""},
	
{"target": 427, 				"source": 77, 				"value": ""},
	
{"target": 427, 				"source": 313, 				"value": ""},
	
{"target": 428, 				"source": 329, 				"value": ""},
	
{"target": 428, 				"source": 333, 				"value": ""},
	
{"target": 428, 				"source": 331, 				"value": ""},
	
{"target": 428, 				"source": 341, 				"value": ""},
	
{"target": 428, 				"source": 332, 				"value": ""},
	
{"target": 429, 				"source": 328, 				"value": ""},
	
{"target": 429, 				"source": 327, 				"value": ""},
	
{"target": 430, 				"source": 156, 				"value": ""},
	
{"target": 431, 				"source": 295, 				"value": ""},
	
{"target": 432, 				"source": 286, 				"value": ""},
	
{"target": 432, 				"source": 284, 				"value": ""},
	
{"target": 432, 				"source": 285, 				"value": ""},
	
{"target": 434, 				"source": 367, 				"value": ""},
	
{"target": 435, 				"source": 339, 				"value": ""},
	
{"target": 436, 				"source": 367, 				"value": ""},
	
{"target": 437, 				"source": 351, 				"value": ""},
	
{"target": 437, 				"source": 349, 				"value": ""},
	
{"target": 440, 				"source": 367, 				"value": ""},
	
{"target": 441, 				"source": 348, 				"value": ""},
	
{"target": 443, 				"source": 302, 				"value": ""},
	
{"target": 444, 				"source": 310, 				"value": ""},
	
{"target": 445, 				"source": 330, 				"value": ""},
	
{"target": 446, 				"source": 111, 				"value": ""},
	
{"target": 447, 				"source": 318, 				"value": ""},
	
{"target": 447, 				"source": 320, 				"value": ""},
	
{"target": 448, 				"source": 311, 				"value": ""},
	
{"target": 449, 				"source": 317, 				"value": ""},
	
{"target": 450, 				"source": 135, 				"value": ""},
	
{"target": 450, 				"source": 83, 				"value": ""},
	
{"target": 450, 				"source": 136, 				"value": ""},
	
{"target": 450, 				"source": 322, 				"value": ""},
	
{"target": 450, 				"source": 321, 				"value": ""},
	
{"target": 451, 				"source": 307, 				"value": ""},
	
{"target": 452, 				"source": 350, 				"value": ""}
	

	
]
	
}	